City_ID,City,Country,Date,Lat,Lng,Max Temp,Humidity,Cloudiness,Wind Speed,Current Description,Rain (inches),Snow (inches)
0,Port Alfred,ZA,2021-08-25 17:26:57,-33.5906,26.891,290.71,84,0,6.93,clear sky,0.0,0
1,Kapaa,US,2021-08-25 17:26:57,22.0752,-159.319,299.33,77,90,0.89,light rain,0.25,0
2,Mataura,NZ,2021-08-25 17:26:57,-46.1927,168.8643,278.97,92,99,1.57,light rain,0.22,0
3,Nampula,MZ,2021-08-25 17:26:58,-15.1165,39.2666,299.12,53,0,4.12,clear sky,0.0,0
4,Lebu,CL,2021-08-25 17:26:58,-37.6167,-73.65,283.89,84,99,5.76,overcast clouds,0.0,0
5,Biak,ID,2021-08-25 17:26:59,-0.9131,122.8766,296.17,88,100,2.65,overcast clouds,0.0,0
6,Yamada,JP,2021-08-25 17:26:59,39.4667,141.95,296.32,92,96,2.58,overcast clouds,0.0,0
7,Hermanus,ZA,2021-08-25 17:26:59,-34.4187,19.2345,287.54,80,0,5.09,clear sky,0.0,0
8,Diamantino,BR,2021-08-25 17:27:00,-14.4086,-56.4461,311.54,14,6,3.55,clear sky,0.0,0
9,Hobart,AU,2021-08-25 17:27:00,-42.8794,147.3294,280.07,86,40,1.34,scattered clouds,0.0,0
10,Faanui,PF,2021-08-25 17:27:00,-16.4833,-151.75,298.63,75,99,7.45,overcast clouds,0.0,0
11,Mar Del Plata,AR,2021-08-25 17:23:17,-38.0023,-57.5575,290.16,34,0,6.17,clear sky,0.0,0
12,Thinadhoo,MV,2021-08-25 17:27:01,0.5333,72.9333,301.19,75,35,5.47,scattered clouds,0.0,0
13,Vaini,TO,2021-08-25 17:27:02,-21.2,-175.2,292.24,72,40,4.12,scattered clouds,0.0,0
14,Port Macquarie,AU,2021-08-25 17:27:02,-31.4333,152.9167,282.13,67,5,2.83,clear sky,0.0,0
15,Luwuk,ID,2021-08-25 17:27:02,-0.9516,122.7875,296.8,91,100,2.21,overcast clouds,0.0,0
16,Sola,VU,2021-08-25 17:27:03,-13.8833,167.55,299.06,73,73,10.57,broken clouds,0.0,0
17,Ribeira Grande,PT,2021-08-25 17:27:03,38.5167,-28.7,296.37,60,40,2.57,scattered clouds,0.0,0
18,Puerto Ayora,EC,2021-08-25 17:27:04,-0.7393,-90.3518,298.13,80,100,6.26,overcast clouds,0.0,0
19,Saravena,CO,2021-08-25 17:27:04,6.9538,-71.8752,299.95,89,100,0.33,overcast clouds,0.0,0
20,Aklavik,CA,2021-08-25 17:27:05,68.2191,-135.0107,281.55,91,100,1.17,overcast clouds,0.0,0
21,Richards Bay,ZA,2021-08-25 17:27:05,-28.783,32.0377,292.38,71,0,5.71,clear sky,0.0,0
22,Arman,RU,2021-08-25 17:27:05,59.7,150.1667,285.03,98,100,1.94,overcast clouds,0.0,0
23,Saskylakh,RU,2021-08-25 17:27:06,71.9167,114.0833,282.49,97,100,5.06,light rain,0.42,0
24,Yuma,US,2021-08-25 17:27:06,32.7253,-114.6244,313.08,15,1,2.57,clear sky,0.0,0
25,Codrington,AU,2021-08-25 17:27:06,-38.2667,141.9667,282.65,67,100,5.87,overcast clouds,0.0,0
26,Kahta,TR,2021-08-25 17:27:07,37.7855,38.6237,302.8,18,0,1.57,clear sky,0.0,0
27,Olafsvik,IS,2021-08-25 17:27:07,64.8945,-23.7142,286.53,92,100,10.2,overcast clouds,0.0,0
28,Presidencia Roque Saenz Pena,AR,2021-08-25 17:27:08,-26.7852,-60.4388,286.69,88,100,4.0,overcast clouds,0.0,0
29,Cherskiy,RU,2021-08-25 17:27:08,68.75,161.3,279.1,91,89,2.55,overcast clouds,0.0,0
30,Sovetskiy,RU,2021-08-25 17:27:08,61.3614,63.5842,291.38,90,19,2.9,few clouds,0.0,0
31,Cap-Aux-Meules,CA,2021-08-25 17:27:09,47.3821,-61.8597,295.18,88,90,4.63,overcast clouds,0.0,0
32,Kloulklubed,PW,2021-08-25 17:27:09,7.0419,134.2556,297.43,72,100,1.64,heavy intensity rain,4.47,0
33,Karakol,KG,2021-08-25 17:27:10,42.4907,78.3936,288.05,49,35,1.13,scattered clouds,0.0,0
34,Punta Arenas,CL,2021-08-25 17:25:49,-53.15,-70.9167,278.21,70,75,7.72,broken clouds,0.0,0
35,Staraya Russa,RU,2021-08-25 17:27:10,57.9944,31.3608,286.58,75,100,2.31,overcast clouds,0.0,0
36,Butaritari,KI,2021-08-25 17:27:11,3.0707,172.7902,301.73,68,100,7.44,overcast clouds,0.0,0
37,New Norfolk,AU,2021-08-25 17:27:11,-42.7826,147.0587,279.87,82,100,0.89,overcast clouds,0.0,0
38,Mahebourg,MU,2021-08-25 17:27:11,-20.4081,57.7,294.31,68,40,1.54,light rain,0.13,0
39,Rikitea,PF,2021-08-25 17:27:12,-23.1203,-134.9692,294.64,66,4,3.48,clear sky,0.0,0
40,Albany,US,2021-08-25 17:22:17,42.6001,-73.9662,305.16,62,52,0.72,broken clouds,0.0,0
41,Esperance,AU,2021-08-25 17:27:13,-33.8667,121.9,286.06,45,83,8.88,light rain,0.14,0
42,Acarau,BR,2021-08-25 17:27:13,-2.8856,-40.12,304.46,55,62,9.25,broken clouds,0.0,0
43,Bayir,TR,2021-08-25 17:27:13,37.2687,28.2167,298.61,38,0,1.39,clear sky,0.0,0
44,Westport,US,2021-08-25 17:23:18,41.1415,-73.3579,307.01,61,1,0.45,clear sky,0.0,0
45,Kismayo,SO,2021-08-25 17:27:14,-0.3582,42.5454,297.73,81,61,7.59,broken clouds,0.0,0
46,Beyneu,KZ,2021-08-25 17:27:14,45.3167,55.2,301.05,39,21,1.71,few clouds,0.0,0
47,Mafinga,TZ,2021-08-25 17:27:15,-7.25,35.0667,297.08,42,0,5.08,clear sky,0.0,0
48,Busselton,AU,2021-08-25 17:27:15,-33.65,115.3333,285.98,83,35,3.75,scattered clouds,0.0,0
49,Luderitz,NA,2021-08-25 17:27:16,-26.6481,15.1594,285.85,88,6,0.71,clear sky,0.0,0
50,Chokurdakh,RU,2021-08-25 17:27:16,70.6333,147.9167,279.4,93,94,2.74,overcast clouds,0.0,0
51,Lata,PT,2021-08-25 17:27:16,40.1629,-8.3327,305.4,51,69,3.6,broken clouds,0.0,0
52,Mount Gambier,AU,2021-08-25 17:27:17,-37.8333,140.7667,281.1,76,90,2.57,overcast clouds,0.0,0
53,Padang,ID,2021-08-25 17:27:17,-0.9492,100.3543,298.13,85,74,1.38,broken clouds,0.0,0
54,Krokeai,GR,2021-08-25 17:27:18,36.8833,22.55,300.35,64,1,0.58,clear sky,0.0,0
55,Leh,IN,2021-08-25 17:27:18,34.1667,77.5833,294.12,22,1,2.33,clear sky,0.0,0
56,Margate,GB,2021-08-25 17:27:18,51.3813,1.3862,293.64,75,6,1.34,clear sky,0.0,0
57,Lukulu,ZM,2021-08-25 17:27:19,-14.3707,23.242,300.48,19,37,2.44,scattered clouds,0.0,0
58,Jamestown,US,2021-08-25 17:25:33,42.097,-79.2353,304.36,63,1,1.79,clear sky,0.0,0
59,Benguela,AO,2021-08-25 17:27:19,-12.5763,13.4055,295.61,71,11,3.62,few clouds,0.0,0
60,Caledon,ZA,2021-08-25 17:27:20,-34.23,19.4265,286.02,80,0,0.87,clear sky,0.0,0
61,Dikson,RU,2021-08-25 17:27:20,73.5069,80.5464,276.5,88,100,8.65,overcast clouds,0.0,0
62,Kropotkin,RU,2021-08-25 17:27:21,45.4375,40.5756,297.09,53,9,4.14,clear sky,0.0,0
63,Mapiripan,CO,2021-08-25 17:27:21,2.8892,-72.1256,305.02,57,87,1.45,overcast clouds,0.0,0
64,Cidreira,BR,2021-08-25 17:27:22,-30.1811,-50.2056,291.17,93,100,2.77,moderate rain,2.99,0
65,Huarmey,PE,2021-08-25 17:27:22,-10.0681,-78.1522,292.4,76,100,5.13,overcast clouds,0.0,0
66,De Aar,ZA,2021-08-25 17:27:22,-30.6497,24.0123,291.15,11,3,4.13,clear sky,0.0,0
67,Bondo,CD,2021-08-25 17:27:23,3.8146,23.6866,297.63,78,67,0.78,broken clouds,0.0,0
68,Hovd,MN,2021-08-25 17:27:23,48.0056,91.6419,287.93,49,3,2.47,clear sky,0.0,0
69,Khatanga,RU,2021-08-25 17:27:24,71.9667,102.5,277.58,93,100,7.98,light rain,0.77,0
70,Rio Brilhante,BR,2021-08-25 17:27:24,-21.8019,-54.5464,310.88,16,61,8.44,broken clouds,0.0,0
71,Hervey Bay,AU,2021-08-25 17:27:25,-25.2986,152.8535,283.17,62,59,4.46,broken clouds,0.0,0
72,Ushuaia,AR,2021-08-25 17:27:25,-54.8,-68.3,276.96,52,0,0.0,clear sky,0.0,0
73,Poum,NC,2021-08-25 17:27:26,-20.2333,164.0167,295.72,80,17,6.85,few clouds,0.0,0
74,Hasaki,JP,2021-08-25 17:26:56,35.7333,140.8333,298.37,88,99,1.48,overcast clouds,0.0,0
75,Cape Town,ZA,2021-08-25 17:27:26,-33.9258,18.4232,287.66,82,0,0.89,clear sky,0.0,0
76,Fairbanks,US,2021-08-25 17:25:01,64.8378,-147.7164,286.26,96,90,2.06,light rain,0.34,0
77,Mokhsogollokh,RU,2021-08-25 17:27:27,61.4681,128.9203,282.29,93,88,2.53,overcast clouds,0.0,0
78,Bethel,US,2021-08-25 17:27:27,41.3712,-73.414,306.04,57,1,2.06,clear sky,0.0,0
79,Atuona,PF,2021-08-25 17:27:28,-9.8,-139.0333,298.55,74,68,8.77,broken clouds,0.0,0
80,Alice Springs,AU,2021-08-25 17:27:28,-23.7,133.8833,275.9,41,0,0.0,clear sky,0.0,0
81,Pevek,RU,2021-08-25 17:27:29,69.7008,170.3133,274.69,97,100,8.0,overcast clouds,0.0,0
82,Curanilahue,CL,2021-08-25 17:27:29,-37.4667,-73.35,282.21,91,99,2.71,overcast clouds,0.0,0
83,Paragould,US,2021-08-25 17:25:04,36.0584,-90.4973,307.05,57,0,2.22,clear sky,0.0,0
84,Thompson,CA,2021-08-25 17:23:24,55.7435,-97.8558,289.24,41,40,2.06,scattered clouds,0.0,0
85,Kuusamo,FI,2021-08-25 17:27:30,65.9667,29.1833,280.17,70,75,2.06,broken clouds,0.0,0
86,Faya,SA,2021-08-25 17:27:30,18.3851,42.4509,296.21,42,91,2.85,overcast clouds,0.0,0
87,Denpasar,ID,2021-08-25 17:27:31,-8.65,115.2167,296.96,94,40,1.03,scattered clouds,0.0,0
88,Saint-Philippe,RE,2021-08-25 17:27:31,-21.3585,55.7679,292.92,76,39,3.87,scattered clouds,0.0,0
89,Zhigansk,RU,2021-08-25 17:27:32,66.7697,123.3711,284.92,89,100,6.03,moderate rain,1.21,0
90,Trinidad,BO,2021-08-25 17:23:41,-14.8333,-64.9,304.14,62,75,2.57,smoke,0.0,0
91,Sibolga,ID,2021-08-25 17:27:32,1.7427,98.7792,297.89,88,59,1.5,broken clouds,0.0,0
92,Vostok,RU,2021-08-25 17:27:33,46.4856,135.8833,288.64,82,95,1.45,overcast clouds,0.0,0
93,Saint-Pierre,RE,2021-08-25 17:24:03,-21.3393,55.4781,292.97,68,0,3.09,clear sky,0.0,0
94,Half Moon Bay,US,2021-08-25 17:22:37,37.4636,-122.4286,293.74,79,90,0.0,overcast clouds,0.0,0
95,Yellowknife,CA,2021-08-25 17:25:29,62.456,-114.3525,289.44,77,20,7.2,few clouds,0.0,0
96,Hilo,US,2021-08-25 17:27:34,19.7297,-155.09,297.48,82,75,3.09,broken clouds,0.0,0
97,Raga,SS,2021-08-25 17:27:34,8.4596,25.678,294.49,96,83,1.93,moderate rain,1.2,0
98,Leningradskiy,RU,2021-08-25 17:27:34,69.3833,178.4167,276.93,93,100,3.04,light rain,0.42,0
99,Jumla,NP,2021-08-25 17:27:35,29.2747,82.1838,291.53,93,97,0.5,overcast clouds,0.0,0
100,Bredasdorp,ZA,2021-08-25 17:27:35,-34.5322,20.0403,285.77,82,0,2.06,clear sky,0.0,0
101,Port Elizabeth,ZA,2021-08-25 17:24:44,-33.918,25.5701,290.98,77,0,5.66,clear sky,0.0,0
102,Yerbogachen,RU,2021-08-25 17:27:36,61.2767,108.0108,288.36,72,100,4.44,overcast clouds,0.0,0
103,Pangnirtung,CA,2021-08-25 17:27:37,66.1451,-65.7125,279.15,93,90,4.12,light rain,0.11,0
104,Inirida,CO,2021-08-25 17:27:37,3.8653,-67.9239,304.98,58,95,0.62,overcast clouds,0.0,0
105,Amparafaravola,MG,2021-08-25 17:27:37,-17.5833,48.2167,288.61,94,5,1.79,clear sky,0.0,0
106,Tsabong,BW,2021-08-25 17:27:38,-26.0217,22.401,295.14,44,51,5.82,broken clouds,0.0,0
107,Avarua,CK,2021-08-25 17:27:38,-21.2078,-159.775,293.18,88,90,3.6,light rain,0.13,0
108,Mackay,AU,2021-08-25 17:26:15,-21.15,149.2,284.84,87,0,2.06,clear sky,0.0,0
109,Broome,US,2021-08-25 17:27:39,42.2506,-75.833,304.85,61,1,0.89,clear sky,0.0,0
110,Brawley,US,2021-08-25 17:24:02,32.9787,-115.5303,313.25,14,1,1.54,clear sky,0.0,0
111,Souillac,MU,2021-08-25 17:27:39,-20.5167,57.5167,294.36,68,40,1.54,light rain,0.13,0
112,Saldanha,ZA,2021-08-25 17:27:40,-33.0117,17.9442,287.18,86,0,3.2,clear sky,0.0,0
113,Naze,JP,2021-08-25 17:22:51,28.3667,129.4833,298.27,86,93,1.63,overcast clouds,0.0,0
114,Krasnyy Luch,UA,2021-08-25 17:27:40,48.1395,38.9371,294.94,39,3,2.85,clear sky,0.0,0
115,Tasiilaq,GL,2021-08-25 17:27:41,65.6145,-37.6368,283.24,96,100,3.36,light rain,0.91,0
116,Ewa Beach,US,2021-08-25 17:27:41,21.3156,-158.0072,298.2,75,1,2.06,clear sky,0.0,0
117,Taoudenni,ML,2021-08-25 17:27:41,22.6783,-3.9836,317.24,4,35,2.66,scattered clouds,0.0,0
118,Beringovskiy,RU,2021-08-25 17:27:42,63.05,179.3167,278.91,85,100,5.84,overcast clouds,0.0,0
119,Laguna,US,2021-08-25 17:27:42,38.421,-121.4238,301.62,63,1,1.79,haze,0.0,0
120,Midland,US,2021-08-25 17:25:09,31.9974,-102.0779,304.85,44,1,5.14,clear sky,0.0,0
121,Namatanai,PG,2021-08-25 17:23:12,-3.6667,152.4333,298.77,82,83,2.92,light rain,0.15,0
122,Kollam,IN,2021-08-25 17:26:49,8.8833,76.6,301.08,83,37,1.97,scattered clouds,0.0,0
123,Buritis,BR,2021-08-25 17:27:43,-15.6178,-46.4233,306.8,17,0,1.58,clear sky,0.0,0
124,Tiksi,RU,2021-08-25 17:27:44,71.6872,128.8694,279.7,96,100,4.9,light rain,0.72,0
125,Vila Franca Do Campo,PT,2021-08-25 17:27:44,37.7167,-25.4333,296.38,64,24,6.25,few clouds,0.0,0
126,Atar,MR,2021-08-25 17:27:44,20.5169,-13.0499,315.2,13,76,5.5,broken clouds,0.0,0
127,Batagay-Alyta,RU,2021-08-25 17:27:45,67.8006,130.4114,281.92,64,14,1.66,few clouds,0.0,0
128,Tateyama,JP,2021-08-25 17:27:45,34.9833,139.8667,300.16,90,55,3.81,broken clouds,0.0,0
129,Kodiak,US,2021-08-25 17:27:46,57.79,-152.4072,284.88,82,90,0.0,overcast clouds,0.0,0
130,Tuktoyaktuk,CA,2021-08-25 17:27:46,69.4541,-133.0374,278.15,93,90,4.63,overcast clouds,0.0,0
131,Tura,IN,2021-08-25 17:27:46,25.5198,90.2201,297.32,97,95,2.91,heavy intensity rain,4.86,0
132,Inverness,GB,2021-08-25 17:27:47,57.4791,-4.224,291.37,80,20,2.68,few clouds,0.0,0
133,Lagoa,PT,2021-08-25 17:27:48,39.05,-27.9833,294.09,63,7,6.71,clear sky,0.0,0
134,Barrow,US,2021-08-25 17:23:55,71.2906,-156.7887,273.16,86,90,3.09,mist,0.0,0
135,Nikolskoye,RU,2021-08-25 17:27:48,59.7035,30.7861,285.38,78,100,3.21,light rain,0.15,0
136,Miraflores,MX,2021-08-25 17:27:49,19.2167,-98.8083,294.57,67,95,1.36,overcast clouds,0.0,0
137,Moshkovo,RU,2021-08-25 17:27:49,55.3053,83.6104,290.44,72,1,3.9,clear sky,0.0,0
138,La Ronge,CA,2021-08-25 17:27:50,55.1001,-105.2842,290.29,59,20,3.09,few clouds,0.0,0
139,Djibo,BF,2021-08-25 17:27:50,14.1022,-1.6306,308.02,39,68,4.85,broken clouds,0.0,0
140,Necochea,AR,2021-08-25 17:23:58,-38.5473,-58.7368,291.5,34,2,6.78,clear sky,0.0,0
141,Verkh-Usugli,RU,2021-08-25 17:27:51,52.7,115.1667,284.47,70,100,3.74,overcast clouds,0.0,0
142,Upernavik,GL,2021-08-25 17:27:51,72.7868,-56.1549,278.31,92,100,10.91,light rain,0.56,0
143,Clyde River,CA,2021-08-25 17:27:52,70.4692,-68.5914,281.28,66,90,7.2,overcast clouds,0.0,0
144,Alofi,NU,2021-08-25 17:27:52,-19.0595,-169.9187,294.09,73,100,5.66,overcast clouds,0.0,0
145,Airai,TL,2021-08-25 17:27:52,-8.9266,125.4092,286.46,88,71,1.41,broken clouds,0.0,0
146,Tuatapere,NZ,2021-08-25 17:27:53,-46.1333,167.6833,279.16,90,100,2.54,light rain,0.35,0
147,Fortuna,US,2021-08-25 17:27:53,40.5982,-124.1573,289.22,75,90,0.89,overcast clouds,0.0,0
148,Bonthe,SL,2021-08-25 17:27:54,7.5264,-12.505,298.21,88,100,2.34,light rain,0.52,0
149,Sao Filipe,CV,2021-08-25 17:27:54,14.8961,-24.4956,299.25,84,93,0.74,overcast clouds,0.0,0
150,Coquimbo,CL,2021-08-25 17:27:55,-29.9533,-71.3436,289.0,58,20,4.63,few clouds,0.0,0
151,Pisco,PE,2021-08-25 17:24:53,-13.7,-76.2167,295.18,56,46,8.75,dust,0.0,0
152,Nome,US,2021-08-25 17:27:55,64.5011,-165.4064,276.19,81,1,1.54,clear sky,0.0,0
153,Ahuimanu,US,2021-08-25 17:27:56,21.4447,-157.8378,298.07,74,75,4.63,light rain,0.15,0
154,Porkhov,RU,2021-08-25 17:27:56,57.765,29.5561,286.09,77,100,2.25,overcast clouds,0.0,0
155,Mindyak,RU,2021-08-25 17:27:57,54.0231,58.7891,292.26,66,96,1.05,overcast clouds,0.0,0
156,Constitucion,CL,2021-08-25 17:27:57,-35.3333,-72.4167,284.82,65,70,3.34,broken clouds,0.0,0
157,Georgetown,MY,2021-08-25 17:27:57,5.4112,100.3354,300.31,88,20,1.03,few clouds,0.0,0
158,Qaanaaq,GL,2021-08-25 17:27:58,77.484,-69.3632,277.92,87,100,4.45,overcast clouds,0.0,0
159,Harper,LR,2021-08-25 17:27:58,4.375,-7.7169,298.88,82,80,4.85,light rain,0.94,0
160,Ciudad Bolivar,VE,2021-08-25 17:27:59,8.1222,-63.5497,306.27,49,54,3.55,broken clouds,0.0,0
161,Rio Gallegos,AR,2021-08-25 17:27:59,-51.6226,-69.2181,279.18,75,75,5.14,broken clouds,0.0,0
162,Bengkulu,ID,2021-08-25 17:28:00,-3.8004,102.2655,297.58,88,33,4.25,scattered clouds,0.0,0
163,Pafos,CY,2021-08-25 17:28:00,34.7667,32.4167,301.61,83,0,3.6,clear sky,0.0,0
164,Bellavista,PE,2021-08-25 17:28:00,-7.0561,-76.5911,307.75,62,20,1.54,few clouds,0.0,0
165,Dezhou,CN,2021-08-25 17:28:01,37.4486,116.2925,293.34,63,84,3.04,light rain,0.13,0
166,Bluff,NZ,2021-08-25 17:28:01,-46.6,168.3333,279.15,89,100,4.5,light rain,0.32,0
167,Asau,RO,2021-08-25 17:28:02,46.4333,26.4,289.13,98,100,0.95,overcast clouds,0.0,0
168,Viedma,AR,2021-08-25 17:28:02,-40.8135,-62.9967,288.57,29,22,11.42,few clouds,0.0,0
169,Baijiantan,CN,2021-08-25 17:28:02,45.6333,85.1833,301.46,13,97,2.25,overcast clouds,0.0,0
170,Itaituba,BR,2021-08-25 17:28:03,-4.2761,-55.9836,308.24,49,40,5.14,scattered clouds,0.0,0
171,Boyuibe,BO,2021-08-25 17:28:03,-20.4167,-63.2833,290.1,28,71,3.17,broken clouds,0.0,0
172,Araouane,ML,2021-08-25 17:28:04,18.9048,-3.5265,315.56,12,54,3.74,broken clouds,0.0,0
173,Hare Bay,CA,2021-08-25 17:28:04,48.8499,-54.0148,298.93,75,92,5.53,overcast clouds,0.0,0
174,Sao Joao Da Barra,BR,2021-08-25 17:28:05,-21.6403,-41.0511,301.2,67,0,10.16,clear sky,0.0,0
175,Vao,NC,2021-08-25 17:28:05,-22.6667,167.4833,294.32,78,2,7.43,clear sky,0.0,0
176,Sabang,ID,2021-08-25 17:28:05,5.8933,95.3214,301.13,75,100,5.85,light rain,0.12,0
177,Inhambane,MZ,2021-08-25 17:28:06,-23.865,35.3833,294.49,87,5,1.69,clear sky,0.0,0
178,San Quintin,MX,2021-08-25 17:28:06,30.4833,-115.95,298.13,67,2,5.45,clear sky,0.0,0
179,Kibondo,TZ,2021-08-25 17:28:07,-3.5864,30.7203,296.37,27,18,1.48,few clouds,0.0,0
180,Bambous Virieux,MU,2021-08-25 17:28:07,-20.3428,57.7575,294.29,68,40,1.54,light rain,0.11,0
181,Carnarvon,AU,2021-08-25 17:28:07,-24.8667,113.6333,292.19,79,40,7.72,scattered clouds,0.0,0
182,Mahina,PF,2021-08-25 17:28:08,-17.5065,-149.489,297.02,73,20,3.6,few clouds,0.0,0
183,Manicore,BR,2021-08-25 17:28:08,-5.8092,-61.3003,307.12,52,75,2.57,broken clouds,0.0,0
184,Grand-Santi,GF,2021-08-25 17:28:09,4.25,-54.3833,308.25,33,30,1.76,scattered clouds,0.0,0
185,Bathsheba,BB,2021-08-25 17:28:09,13.2167,-59.5167,304.49,66,20,7.72,few clouds,0.0,0
186,Ornskoldsvik,SE,2021-08-25 17:28:09,63.2909,18.7153,284.05,100,90,5.66,overcast clouds,0.0,0
187,Cabo San Lucas,MX,2021-08-25 17:28:10,22.8909,-109.9124,308.43,65,1,4.63,clear sky,0.0,0
188,Fare,PF,2021-08-25 17:23:12,-16.7,-151.0167,298.78,73,100,7.77,overcast clouds,0.0,0
189,Pelym,RU,2021-08-25 17:28:11,61.0108,61.9978,291.46,87,42,0.72,scattered clouds,0.0,0
190,Daru,PG,2021-08-25 17:28:11,-9.0763,143.2092,297.73,89,93,6.78,overcast clouds,0.0,0
191,Kruisfontein,ZA,2021-08-25 17:28:11,-34.0033,24.7314,290.31,77,0,1.4,clear sky,0.0,0
192,Mouzouras,GR,2021-08-25 17:28:12,35.5333,24.15,299.15,73,0,0.0,clear sky,0.0,0
193,Kutum,SD,2021-08-25 17:28:12,14.2,24.6667,303.14,33,50,4.61,scattered clouds,0.0,0
194,Loreto,MX,2021-08-25 17:28:13,22.2667,-101.9667,295.33,47,57,6.99,broken clouds,0.0,0
195,Quepos,CR,2021-08-25 17:28:13,9.4236,-84.1652,302.62,90,100,0.93,overcast clouds,0.0,0
196,Kushima,JP,2021-08-25 17:28:14,31.4583,131.2333,297.71,95,96,2.45,overcast clouds,0.0,0
197,Cayenne,GF,2021-08-25 17:28:14,4.9333,-52.3333,305.17,69,0,1.34,clear sky,0.0,0
198,Vila Velha,BR,2021-08-25 17:28:14,-20.3297,-40.2925,301.12,54,20,10.29,few clouds,0.0,0
199,Chuy,UY,2021-08-25 17:28:15,-33.6971,-53.4616,286.12,88,100,7.14,light rain,0.9,0
200,Ayagoz,KZ,2021-08-25 17:28:15,47.9714,80.4392,293.79,30,100,4.05,overcast clouds,0.0,0
201,Longyearbyen,SJ,2021-08-25 17:28:15,78.2186,15.6401,278.06,93,75,3.6,broken clouds,0.0,0
202,Tual,ID,2021-08-25 17:28:16,-5.6667,132.75,299.45,83,100,7.82,overcast clouds,0.0,0
203,Severo-Kurilsk,RU,2021-08-25 17:28:16,50.6789,156.125,284.99,96,80,4.42,broken clouds,0.0,0
204,Khash,IR,2021-08-25 17:28:17,28.2211,61.2158,299.48,11,0,4.49,clear sky,0.0,0
205,Vardo,NO,2021-08-25 17:28:17,70.3705,31.1107,282.26,81,75,5.14,broken clouds,0.0,0
206,Kecsked,HU,2021-08-25 17:28:17,47.523,18.3094,292.74,37,39,4.09,scattered clouds,0.0,0
207,Boundiali,CI,2021-08-25 17:28:18,9.5217,-6.4869,299.7,83,94,1.77,light rain,0.68,0
208,Pacific Grove,US,2021-08-25 17:28:19,36.6177,-121.9166,290.05,89,90,2.68,overcast clouds,0.0,0
209,Onega,RU,2021-08-25 17:28:19,63.9061,38.1404,283.4,62,100,2.6,overcast clouds,0.0,0
210,Beian,NO,2021-08-25 17:28:19,63.6559,9.5683,286.2,76,75,6.17,broken clouds,0.0,0
211,Ostrovnoy,RU,2021-08-25 17:28:20,68.0531,39.5131,279.55,68,83,3.08,broken clouds,0.0,0
212,Nanortalik,GL,2021-08-25 17:28:20,60.1432,-45.2371,281.44,83,99,2.71,overcast clouds,0.0,0
213,Geraldton,AU,2021-08-25 17:28:21,-28.7667,114.6,286.38,94,90,3.09,overcast clouds,0.0,0
214,Kurilsk,RU,2021-08-25 17:28:21,45.2333,147.8833,286.91,97,91,5.16,overcast clouds,0.0,0
215,Port Lincoln,AU,2021-08-25 17:28:21,-34.7333,135.8667,283.99,72,29,4.51,scattered clouds,0.0,0
216,Kudahuvadhoo,MV,2021-08-25 17:28:22,2.6708,72.8944,300.68,75,99,5.84,overcast clouds,0.0,0
217,Asyut,EG,2021-08-25 17:28:22,27.181,31.1837,307.25,18,0,4.32,clear sky,0.0,0
218,Saint George,US,2021-08-25 17:28:22,37.1041,-113.5841,308.41,19,2,0.89,clear sky,0.0,0
219,Turukhansk,RU,2021-08-25 17:28:23,65.8167,87.9833,279.6,81,9,2.55,clear sky,0.0,0
220,Sitka,US,2021-08-25 17:28:23,57.0531,-135.33,287.09,88,90,0.0,light rain,0.55,0
221,Talnakh,RU,2021-08-25 17:28:24,69.4865,88.3972,279.03,97,100,5.38,light rain,0.41,0
222,Elko,US,2021-08-25 17:28:24,41.0002,-115.5012,295.96,29,0,2.68,clear sky,0.0,0
223,Kotelnich,RU,2021-08-25 17:28:24,58.3089,48.348,285.07,55,6,2.73,clear sky,0.0,0
224,Gat,IL,2021-08-25 17:28:25,31.61,34.7642,302.82,100,0,4.72,clear sky,0.0,0
225,Makaryev,RU,2021-08-25 17:28:25,57.8797,43.8069,284.42,68,20,1.66,few clouds,0.0,0
226,Henties Bay,NA,2021-08-25 17:28:26,-22.116,14.2845,288.63,76,1,1.91,clear sky,0.0,0
227,Ancud,CL,2021-08-25 17:28:26,-41.8697,-73.8203,281.89,82,92,10.51,light rain,0.38,0
228,Taltal,CL,2021-08-25 17:28:26,-25.4,-70.4833,289.79,51,0,4.0,clear sky,0.0,0
229,Hede,CN,2021-08-25 17:28:27,33.7681,120.2517,297.3,76,100,2.26,light rain,0.45,0
230,Komsomolskiy,UZ,2021-08-25 17:28:27,40.4272,71.7189,299.55,34,1,3.09,clear sky,0.0,0
231,Hofn,IS,2021-08-25 17:28:27,64.2539,-15.2082,286.16,100,90,2.57,mist,0.0,0
232,Puerto Madryn,AR,2021-08-25 17:28:28,-42.7692,-65.0385,287.02,33,24,10.67,few clouds,0.0,0
233,Ulenje,TZ,2021-08-25 17:28:28,-8.9333,33.6833,289.34,61,48,2.27,scattered clouds,0.0,0
234,Merauke,ID,2021-08-25 17:28:29,-8.4667,140.3333,297.63,87,96,6.08,overcast clouds,0.0,0
235,Avera,US,2021-08-25 17:28:29,33.194,-82.5271,306.32,44,7,2.92,clear sky,0.0,0
236,Te Anau,NZ,2021-08-25 17:28:29,-45.4167,167.7167,280.45,91,78,2.4,moderate rain,2.33,0
237,Grindavik,IS,2021-08-25 17:28:30,63.8424,-22.4338,287.12,100,90,10.8,mist,0.0,0
238,Coihaique,CL,2021-08-25 17:25:47,-45.5752,-72.0662,280.49,81,90,3.6,light intensity shower rain,0.51,0
239,Kupang,ID,2021-08-25 17:28:30,-10.1667,123.5833,297.15,85,15,4.05,few clouds,0.0,0
240,Erdaojiang,CN,2021-08-25 17:24:20,41.7764,126.0319,288.68,94,76,2.12,broken clouds,0.0,0
241,Chupa,RU,2021-08-25 17:28:31,66.27,33.0549,281.54,75,100,2.09,overcast clouds,0.0,0
242,Nouadhibou,MR,2021-08-25 17:28:31,20.931,-17.0347,298.14,73,9,8.75,clear sky,0.0,0
243,Sistranda,NO,2021-08-25 17:28:32,63.7256,8.834,286.13,88,45,8.21,scattered clouds,0.0,0
244,Opuwo,NA,2021-08-25 17:28:32,-18.0607,13.84,299.07,14,1,5.37,clear sky,0.0,0
245,San Roque,ES,2021-08-25 17:28:33,36.2107,-5.3842,299.61,65,20,2.06,few clouds,0.0,0
246,Port Pirie,AU,2021-08-25 17:28:33,-33.1833,138.0167,282.2,87,88,1.94,overcast clouds,0.0,0
247,Picota,PE,2021-08-25 17:28:34,-6.9197,-76.3304,308.42,37,87,0.63,overcast clouds,0.0,0
248,Lazaro Cardenas,MX,2021-08-25 17:28:34,17.9583,-102.2,302.26,71,70,0.73,broken clouds,0.0,0
249,Husavik,IS,2021-08-25 17:28:34,66.0449,-17.3389,295.1,76,0,3.27,clear sky,0.0,0
250,Guerrero Negro,MX,2021-08-25 17:28:35,27.9769,-114.0611,299.7,60,2,4.91,clear sky,0.0,0
251,Sept-Iles,CA,2021-08-25 17:28:35,50.2001,-66.3821,295.44,49,75,2.57,broken clouds,0.0,0
252,Labuhan,ID,2021-08-25 17:28:35,-6.8844,112.2051,297.58,74,36,5.08,scattered clouds,0.0,0
253,Tecoanapa,MX,2021-08-25 17:28:36,16.5167,-98.75,302.12,71,79,1.43,broken clouds,0.0,0
254,Oussouye,SN,2021-08-25 17:28:36,12.485,-16.5469,303.2,87,88,2.91,heavy intensity rain,4.97,0
255,Brigantine,US,2021-08-25 17:28:37,39.4101,-74.3646,308.31,63,1,2.57,clear sky,0.0,0
256,Sisimiut,GL,2021-08-25 17:28:37,66.9395,-53.6735,280.06,87,100,7.58,overcast clouds,0.0,0
257,Chambersburg,US,2021-08-25 17:28:37,39.9376,-77.6611,307.24,59,0,0.89,clear sky,0.0,0
258,Quatre Cocos,MU,2021-08-25 17:28:38,-20.2078,57.7625,294.21,70,43,5.44,scattered clouds,0.0,0
259,Tezu,IN,2021-08-25 17:28:38,27.9167,96.1667,296.94,98,100,1.03,overcast clouds,0.0,0
260,Borogontsy,RU,2021-08-25 17:28:39,62.6683,131.1683,286.42,65,100,3.43,overcast clouds,0.0,0
261,Sukhobuzimskoye,RU,2021-08-25 17:28:39,56.5,93.2728,286.95,62,96,1.02,overcast clouds,0.0,0
262,Balykshi,KZ,2021-08-25 17:28:39,47.0667,51.8667,297.15,38,0,4.0,clear sky,0.0,0
263,Trat,TH,2021-08-25 17:28:40,12.5,102.5,296.9,98,99,1.64,light rain,0.75,0
264,Banyo,CM,2021-08-25 17:28:40,6.75,11.8167,293.56,94,97,0.32,light rain,0.86,0
265,Pitimbu,BR,2021-08-25 17:28:41,-7.4706,-34.8086,301.48,78,81,7.81,broken clouds,0.0,0
266,Egvekinot,RU,2021-08-25 17:28:41,66.3167,-179.1667,275.12,96,100,3.31,light rain,0.93,0
267,Nuevo Progreso,MX,2021-08-25 17:28:42,23.1667,-97.95,304.76,63,25,1.34,scattered clouds,0.0,0
268,Conceicao Do Araguaia,BR,2021-08-25 17:28:42,-8.2578,-49.2647,309.22,36,0,8.23,clear sky,0.0,0
269,Hithadhoo,MV,2021-08-25 17:28:43,-0.6,73.0833,301.11,74,18,3.95,few clouds,0.0,0
270,Kavaratti,IN,2021-08-25 17:28:43,10.5669,72.642,300.17,81,89,7.68,overcast clouds,0.0,0
271,Am Timan,TD,2021-08-25 17:28:44,11.0297,20.2827,297.91,88,79,2.72,broken clouds,0.0,0
272,Castro,BR,2021-08-25 17:28:44,-24.7911,-50.0119,301.91,29,1,5.59,clear sky,0.0,0
273,Victoria,HK,2021-08-25 17:28:45,22.2855,114.1577,303.33,81,95,0.45,overcast clouds,0.0,0
274,Kassala,SD,2021-08-25 17:28:45,15.451,36.4,306.59,44,21,0.88,few clouds,0.0,0
275,The Valley,AI,2021-08-25 17:28:45,18.217,-63.0578,305.07,70,20,5.66,few clouds,0.0,0
276,Lucapa,AO,2021-08-25 17:28:46,-8.4192,20.7447,300.14,40,75,3.19,light rain,0.1,0
277,Urusha,RU,2021-08-25 17:28:46,54.05,122.9,282.88,87,100,1.98,overcast clouds,0.0,0
278,Seoul,KR,2021-08-25 17:28:46,37.5683,126.9778,296.84,97,40,0.51,scattered clouds,0.0,0
279,Marzuq,YE,2021-08-25 17:28:47,14.4,46.4667,301.61,52,37,2.28,scattered clouds,0.0,0
280,Paoua,CF,2021-08-25 17:28:48,7.2427,16.4406,294.68,90,77,1.71,broken clouds,0.0,0
281,Okha,RU,2021-08-25 17:28:48,53.5739,142.9478,287.89,95,67,4.31,light rain,0.14,0
282,Dunedin,NZ,2021-08-25 17:28:49,-45.8742,170.5036,281.37,80,89,1.93,overcast clouds,0.0,0
283,Noshiro,JP,2021-08-25 17:28:49,40.2039,140.0242,296.65,94,100,5.26,overcast clouds,0.0,0
284,Honiara,SB,2021-08-25 17:28:49,-9.4333,159.95,297.32,86,98,2.51,overcast clouds,0.0,0
285,Ishigaki,JP,2021-08-25 17:28:50,24.3448,124.1572,301.56,77,90,4.46,overcast clouds,0.0,0
286,Qeshm,IR,2021-08-25 17:28:50,26.9581,56.2719,307.08,79,0,3.88,clear sky,0.0,0
287,Payakumbuh,ID,2021-08-25 17:28:50,-0.2202,100.6308,294.32,95,93,1.06,overcast clouds,0.0,0
288,Strizhi,RU,2021-08-25 17:28:51,58.4576,49.2867,284.81,58,11,2.83,few clouds,0.0,0
289,Takoradi,GH,2021-08-25 17:28:51,4.8845,-1.7554,299.74,76,100,3.28,overcast clouds,0.0,0
290,Meulaboh,ID,2021-08-25 17:28:52,4.1363,96.1285,298.11,88,100,0.79,moderate rain,3.89,0
291,Alta Floresta,BR,2021-08-25 17:28:52,-9.8756,-56.0861,310.05,30,40,3.09,scattered clouds,0.0,0
292,Chapais,CA,2021-08-25 17:28:52,49.7834,-74.8492,296.03,39,40,1.35,scattered clouds,0.0,0
293,Paamiut,GL,2021-08-25 17:28:53,61.994,-49.6678,279.53,94,100,2.02,light rain,0.19,0
294,Sosua,DO,2021-08-25 17:25:57,19.7667,-70.5167,306.06,66,40,4.12,scattered clouds,0.0,0
295,Trincomalee,LK,2021-08-25 17:28:53,8.5711,81.2335,301.12,70,49,5.68,scattered clouds,0.0,0
296,Itamarandiba,BR,2021-08-25 17:28:54,-17.8572,-42.8589,301.6,25,0,2.5,clear sky,0.0,0
297,Arraial Do Cabo,BR,2021-08-25 17:28:54,-22.9661,-42.0278,303.07,45,0,8.75,clear sky,0.0,0
298,Santo Antonio Do Ica,BR,2021-08-25 17:28:55,-3.1022,-67.9397,310.27,33,13,2.18,few clouds,0.0,0
299,La Barca,MX,2021-08-25 17:28:55,20.2833,-102.5667,296.68,55,100,3.4,overcast clouds,0.0,0
300,Kalia,BD,2021-08-25 17:28:56,23.0396,89.6328,300.97,86,99,3.03,overcast clouds,0.0,0
301,Kirakira,SB,2021-08-25 17:25:10,-10.4544,161.9205,298.77,82,94,4.54,overcast clouds,0.0,0
302,Oskarshamn,SE,2021-08-25 17:28:56,57.2645,16.4484,289.15,74,61,4.96,light rain,0.41,0
303,Fethiye,TR,2021-08-25 17:28:57,36.6217,29.1164,301.08,64,0,1.26,clear sky,0.0,0
304,Betsiamites,CA,2021-08-25 17:28:57,48.9413,-68.646,298.37,62,99,1.13,overcast clouds,0.0,0
305,Phuket,TH,2021-08-25 17:28:57,8.0,98.25,297.27,100,75,6.17,moderate rain,2.44,0
306,Vanavara,RU,2021-08-25 17:28:58,60.34,102.2797,286.67,97,77,1.88,broken clouds,0.0,0
307,Lompoc,US,2021-08-25 17:28:58,34.6391,-120.4579,293.06,79,90,2.57,mist,0.0,0
308,Jijiang,CN,2021-08-25 17:28:59,29.2906,106.2542,294.48,97,100,2.22,moderate rain,2.79,0
309,Maldonado,UY,2021-08-25 17:28:59,-34.6667,-54.9167,286.81,63,100,5.93,overcast clouds,0.0,0
310,Blackfoot,US,2021-08-25 17:28:59,43.1905,-112.345,300.12,23,15,1.59,few clouds,0.0,0
311,The Pas,CA,2021-08-25 17:29:00,53.8251,-101.2541,288.16,55,20,1.52,few clouds,0.0,0
312,Riyadh,SA,2021-08-25 17:28:22,24.6877,46.7219,309.23,13,7,1.42,clear sky,0.0,0
313,Aksarka,RU,2021-08-25 17:29:00,66.5606,67.7975,283.63,59,100,5.82,overcast clouds,0.0,0
314,Tilichiki,RU,2021-08-25 17:29:01,60.4667,166.1,283.76,92,93,2.75,overcast clouds,0.0,0
315,Narsaq,GL,2021-08-25 17:29:01,60.9167,-46.05,286.27,61,95,2.66,overcast clouds,0.0,0
316,Ilulissat,GL,2021-08-25 17:29:02,69.2167,-51.1,280.16,81,75,4.63,broken clouds,0.0,0
317,East London,ZA,2021-08-25 17:29:02,-33.0153,27.9116,291.67,82,0,3.6,clear sky,0.0,0
318,Kahului,US,2021-08-25 17:29:03,20.8947,-156.47,298.16,69,20,4.63,few clouds,0.0,0
319,Nichinan,JP,2021-08-25 17:29:03,31.6,131.3667,297.79,92,95,2.89,overcast clouds,0.0,0
320,Saint-Augustin,CA,2021-08-25 17:29:03,51.226,-58.6502,296.44,42,85,4.31,overcast clouds,0.0,0
321,Mae Sai,TH,2021-08-25 17:29:04,20.4335,99.8762,298.77,99,100,0.5,overcast clouds,0.0,0
322,Aljezur,PT,2021-08-25 17:29:04,37.3191,-8.8033,296.14,70,12,3.69,few clouds,0.0,0
323,Katsuura,JP,2021-08-25 17:29:04,35.1333,140.3,300.21,93,87,2.08,overcast clouds,0.0,0
324,Basco,PH,2021-08-25 17:29:05,20.4487,121.9702,302.16,71,10,4.56,clear sky,0.0,0
325,Segezha,RU,2021-08-25 17:29:05,63.7415,34.3222,283.48,66,100,4.39,overcast clouds,0.0,0
326,Broken Hill,AU,2021-08-25 17:29:06,-31.95,141.4333,281.99,76,75,4.63,broken clouds,0.0,0
327,Brejo Santo,BR,2021-08-25 17:29:06,-7.4933,-38.9872,307.54,26,100,3.88,overcast clouds,0.0,0
328,Les Cayes,HT,2021-08-25 17:29:07,18.2,-73.75,302.08,68,94,3.63,overcast clouds,0.0,0
329,Kodino,RU,2021-08-25 17:29:07,63.7198,39.6447,283.1,66,94,1.73,overcast clouds,0.0,0
330,Kaitangata,NZ,2021-08-25 17:29:07,-46.2817,169.8464,279.37,92,94,2.02,light rain,0.75,0
331,Ponta Do Sol,PT,2021-08-25 17:29:08,32.6667,-17.1,300.38,92,58,1.27,broken clouds,0.0,0
332,Quelimane,MZ,2021-08-25 17:29:08,-17.8786,36.8883,298.12,83,20,5.66,few clouds,0.0,0
333,Ekibastuz,KZ,2021-08-25 17:29:09,51.6667,75.3667,295.51,37,0,3.88,clear sky,0.0,0
334,Hammerfest,NO,2021-08-25 17:29:09,70.6634,23.6821,286.0,58,0,3.09,clear sky,0.0,0
335,Ammon,US,2021-08-25 17:29:09,43.4696,-111.9666,295.66,44,1,0.0,haze,0.0,0
336,Zaysan,KZ,2021-08-25 17:29:10,47.4667,84.8667,294.06,23,0,3.28,clear sky,0.0,0
337,Mazzarino,IT,2021-08-25 17:29:10,37.3043,14.2141,302.66,57,6,5.11,clear sky,0.0,0
338,Chulym,RU,2021-08-25 17:29:11,55.0997,80.9572,290.12,77,4,3.91,clear sky,0.0,0
339,College,US,2021-08-25 17:25:41,64.8569,-147.8028,286.25,96,90,2.06,light rain,0.64,0
340,Pokhara,NP,2021-08-25 17:29:11,28.2333,83.9833,296.35,94,92,0.98,moderate rain,3.19,0
341,Hokitika,NZ,2021-08-25 17:29:12,-42.7167,170.9667,282.94,83,100,2.49,overcast clouds,0.0,0
342,Sayyan,YE,2021-08-25 17:29:12,15.1718,44.3244,291.86,52,84,2.78,broken clouds,0.0,0
343,Shenjiamen,CN,2021-08-25 17:29:12,29.9576,122.298,299.43,92,100,4.46,overcast clouds,0.0,0
344,Zavetnoye,RU,2021-08-25 17:29:13,47.1194,43.8903,297.14,37,51,3.34,broken clouds,0.0,0
345,Shingu,JP,2021-08-25 17:29:13,33.7333,135.9833,300.88,93,84,2.8,broken clouds,0.0,0
346,San Isidro,PE,2021-08-25 17:29:14,-12.1167,-77.05,290.94,91,90,0.45,overcast clouds,0.0,0
347,Nagua,DO,2021-08-25 17:29:14,19.3832,-69.8474,306.18,70,40,6.17,scattered clouds,0.0,0
348,Soe,ID,2021-08-25 17:29:15,-9.8607,124.284,290.09,94,32,1.89,scattered clouds,0.0,0
349,Lianzhou,CN,2021-08-25 17:29:15,24.7811,112.3825,297.37,97,97,1.12,overcast clouds,0.0,0
350,Aprelevka,RU,2021-08-25 17:29:16,55.5519,37.0801,289.12,72,75,3.0,light rain,0.93,0
351,Ahipara,NZ,2021-08-25 17:29:16,-35.1667,173.1667,283.97,85,24,3.81,few clouds,0.0,0
352,Biskamzha,RU,2021-08-25 17:29:16,53.4497,89.5272,283.75,92,2,2.57,clear sky,0.0,0
353,Kavieng,PG,2021-08-25 17:29:17,-2.5744,150.7967,300.32,78,67,5.1,light rain,0.21,0
354,Urumqi,CN,2021-08-25 17:29:17,43.801,87.6005,295.68,25,0,3.0,clear sky,0.0,0
355,Bemidji,US,2021-08-25 17:29:19,47.4736,-94.8803,297.07,50,1,4.12,clear sky,0.0,0
356,Imbituba,BR,2021-08-25 17:29:19,-28.24,-48.6703,295.09,54,4,6.19,clear sky,0.0,0
357,Vanimo,PG,2021-08-25 17:29:20,-2.6741,141.3028,297.98,88,100,2.17,moderate rain,2.0,0
358,Los Llanos De Aridane,ES,2021-08-25 17:29:20,28.6585,-17.9182,297.01,88,20,4.12,few clouds,0.0,0
359,Maniwaki,CA,2021-08-25 17:28:50,46.3834,-75.966,301.36,65,97,3.09,overcast clouds,0.0,0
360,Arkhangelsk,RU,2021-08-25 17:29:21,64.5401,40.5433,280.21,93,75,0.0,broken clouds,0.0,0
361,Voh,NC,2021-08-25 17:29:21,-20.9667,164.7,292.08,91,2,2.29,clear sky,0.0,0
362,Zhicheng,CN,2021-08-25 17:29:21,30.2956,111.5047,293.87,76,100,1.35,light rain,0.24,0
363,Dingzhou,CN,2021-08-25 17:29:22,38.5131,114.9956,291.21,60,30,2.44,light rain,0.27,0
364,San Rafael Del Sur,NI,2021-08-25 17:29:22,11.8485,-86.4384,302.69,61,96,6.02,overcast clouds,0.0,0
365,Ust-Karsk,RU,2021-08-25 17:29:22,52.7011,118.8077,285.0,81,100,3.08,overcast clouds,0.0,0
366,Rudnyy,KZ,2021-08-25 17:29:23,52.9594,63.1206,296.78,45,48,1.96,scattered clouds,0.0,0
367,Zhangjiakou,CN,2021-08-25 17:29:23,40.81,114.8794,287.27,76,56,4.43,broken clouds,0.0,0
368,Acandi,CO,2021-08-25 17:29:24,8.5063,-77.2778,301.55,79,99,0.76,overcast clouds,0.0,0
369,Miri,MY,2021-08-25 17:29:24,4.4148,114.0089,296.23,94,40,1.54,moderate rain,3.55,0
370,Rabo De Peixe,PT,2021-08-25 17:29:24,37.8,-25.5833,295.88,60,20,8.75,few clouds,0.0,0
371,Kathu,TH,2021-08-25 17:29:25,7.9178,98.3332,297.05,77,100,6.63,moderate rain,3.46,0
372,Shimoda,JP,2021-08-25 17:29:25,34.6667,138.95,299.49,93,41,3.99,scattered clouds,0.0,0
373,Matara,LK,2021-08-25 17:29:26,5.9485,80.5353,298.62,87,30,3.14,scattered clouds,0.0,0
374,Sergeyevka,KZ,2021-08-25 17:29:26,53.88,67.4158,296.74,49,2,3.58,clear sky,0.0,0
375,Yatou,CN,2021-08-25 17:29:26,37.15,122.3833,294.2,77,99,2.34,overcast clouds,0.0,0
376,Carlagan,PH,2021-08-25 17:29:27,14.975,122.0456,299.94,82,88,2.58,overcast clouds,0.0,0
377,Chara,RU,2021-08-25 17:29:27,56.9064,118.2631,281.18,87,99,0.4,overcast clouds,0.0,0
378,Lorengau,PG,2021-08-25 17:29:28,-2.0226,147.2712,299.34,83,100,3.81,light rain,1.0,0
379,Marawi,PH,2021-08-25 17:29:28,7.9986,124.2928,291.84,90,100,0.83,overcast clouds,0.0,0
380,Torbay,CA,2021-08-25 17:29:28,47.6666,-52.7314,298.86,79,75,5.66,broken clouds,0.0,0
381,Shu,KZ,2021-08-25 17:29:29,43.5983,73.7614,299.04,23,4,4.05,clear sky,0.0,0
382,Mati,PH,2021-08-25 17:29:29,6.9551,126.2166,298.12,91,83,0.8,broken clouds,0.0,0
383,Gamba,GA,2021-08-25 17:29:30,-2.65,10.0,297.9,78,26,4.39,scattered clouds,0.0,0
384,Concepcion Del Oro,MX,2021-08-25 17:29:30,24.6333,-101.4167,294.71,47,8,3.18,clear sky,0.0,0
385,Peniche,PT,2021-08-25 17:29:30,39.3558,-9.3811,297.53,80,60,6.2,broken clouds,0.0,0
386,Korla,CN,2021-08-25 17:29:31,41.7597,86.1469,299.93,23,88,4.25,overcast clouds,0.0,0
387,Nioro,GM,2021-08-25 17:29:31,13.35,-15.75,297.29,94,96,3.77,overcast clouds,0.0,0
388,Mazagao,BR,2021-08-25 17:29:32,-0.115,-51.2894,305.18,57,62,2.72,broken clouds,0.0,0
389,Mana,GF,2021-08-25 17:29:32,5.6592,-53.7767,303.59,60,8,4.56,clear sky,0.0,0
390,Tamandare,BR,2021-08-25 17:29:32,-8.7597,-35.1047,298.73,75,71,6.18,broken clouds,0.0,0
391,Cap Malheureux,MU,2021-08-25 17:29:33,-19.9842,57.6142,294.42,70,12,2.24,few clouds,0.0,0
392,Rocky Mountain House,CA,2021-08-25 17:29:33,52.3668,-114.9188,290.01,58,0,1.54,clear sky,0.0,0
393,Petropavlovsk-Kamchatskiy,RU,2021-08-25 17:29:33,53.0452,158.6483,284.48,100,90,2.0,fog,0.0,0
394,Yantal,RU,2021-08-25 17:29:34,56.8471,105.2542,281.63,75,36,0.91,scattered clouds,0.0,0
395,Sharjah,AE,2021-08-25 17:24:47,25.3573,55.4033,309.14,59,0,2.06,clear sky,0.0,0
396,Miandrivazo,MG,2021-08-25 17:29:34,-19.5167,45.4667,297.53,52,0,0.39,clear sky,0.0,0
397,Las Margaritas,MX,2021-08-25 17:29:35,16.3167,-91.9833,296.64,56,87,4.36,overcast clouds,0.0,0
398,Zhezkazgan,KZ,2021-08-25 17:29:35,47.8043,67.7144,300.3,26,47,4.19,scattered clouds,0.0,0
399,Sinnamary,GF,2021-08-25 17:29:36,5.3833,-52.95,303.32,60,6,4.06,clear sky,0.0,0
400,Eyl,SO,2021-08-25 17:29:36,7.9803,49.8164,298.85,82,32,9.99,scattered clouds,0.0,0
401,Selizharovo,RU,2021-08-25 17:29:36,56.8519,33.4487,284.7,70,21,2.62,few clouds,0.0,0
402,Vallenar,CL,2021-08-25 17:29:37,-28.5708,-70.7581,288.27,44,60,2.08,broken clouds,0.0,0
403,San Patricio,US,2021-08-25 17:29:37,28.017,-97.5169,307.6,45,4,3.98,clear sky,0.0,0
404,Phan Thiet,VN,2021-08-25 17:29:37,10.9333,108.1,297.58,91,100,2.63,overcast clouds,0.0,0
405,Kaeo,NZ,2021-08-25 17:29:38,-35.1,173.7833,285.55,79,53,4.0,broken clouds,0.0,0
406,Bubaque,GW,2021-08-25 17:29:38,11.2833,-15.8333,300.17,81,82,4.81,moderate rain,1.07,0
407,Camiri,BO,2021-08-25 17:29:39,-20.05,-63.5167,290.03,45,90,2.06,overcast clouds,0.0,0
408,Kargasok,RU,2021-08-25 17:29:39,59.0556,80.8572,294.1,71,69,2.66,broken clouds,0.0,0
409,Teya,RU,2021-08-25 17:29:40,60.3778,92.6267,288.92,98,99,0.91,light rain,0.16,0
410,Bonavista,CA,2021-08-25 17:29:40,48.6499,-53.1147,299.15,90,82,7.21,broken clouds,0.0,0
411,Aars,DK,2021-08-25 17:29:41,56.804,9.5144,294.83,59,43,4.42,scattered clouds,0.0,0
412,Mehamn,NO,2021-08-25 17:29:41,71.0357,27.8492,284.25,81,20,5.14,few clouds,0.0,0
413,Battle Creek,US,2021-08-25 17:29:42,42.3212,-85.1797,303.8,69,20,3.6,few clouds,0.0,0
414,Rawson,AR,2021-08-25 17:29:42,-43.3002,-65.1023,286.25,35,32,10.21,scattered clouds,0.0,0
415,Pyaozerskiy,RU,2021-08-25 17:29:42,65.8333,31.1667,281.9,69,100,3.23,overcast clouds,0.0,0
416,Ankang,CN,2021-08-25 17:25:28,32.68,109.0172,291.18,96,100,1.44,overcast clouds,0.0,0
417,Gorom-Gorom,BF,2021-08-25 17:29:43,14.4439,-0.2361,308.38,38,100,3.73,overcast clouds,0.0,0
418,Isangel,VU,2021-08-25 17:29:43,-19.55,169.2667,295.25,83,20,5.84,few clouds,0.0,0
419,Shitanjing,CN,2021-08-25 17:29:44,39.2342,106.3439,289.21,33,56,0.57,broken clouds,0.0,0
420,Palia Kalan,IN,2021-08-25 17:29:44,28.45,80.5833,299.7,92,100,2.21,overcast clouds,0.0,0
421,Moerai,PF,2021-08-25 17:29:44,-22.4333,-151.3333,296.82,87,2,6.36,light rain,0.19,0
422,Mogadishu,SO,2021-08-25 17:29:45,2.0371,45.3438,298.16,83,52,8.21,light rain,0.18,0
423,Rorvik,NO,2021-08-25 17:29:45,64.8621,11.2373,286.14,87,40,7.72,scattered clouds,0.0,0
424,Dekar,BW,2021-08-25 17:29:46,-21.5333,21.9333,299.68,24,33,3.78,scattered clouds,0.0,0
425,Tessalit,ML,2021-08-25 17:29:46,20.1986,1.0114,310.18,19,71,4.0,broken clouds,0.0,0
426,Chicama,PE,2021-08-25 17:29:46,-7.8447,-79.1469,289.45,64,89,4.48,overcast clouds,0.0,0
427,Xichang,CN,2021-08-25 17:29:47,27.8964,102.2634,292.8,96,100,0.54,light rain,0.75,0
428,Touros,BR,2021-08-25 17:29:47,-5.1989,-35.4608,302.65,64,8,8.76,clear sky,0.0,0
429,Hambantota,LK,2021-08-25 17:29:48,6.1241,81.1185,299.83,80,36,6.0,scattered clouds,0.0,0
430,Galesong,ID,2021-08-25 17:29:48,-5.3166,119.3661,295.16,73,85,2.56,overcast clouds,0.0,0
431,Karratha,AU,2021-08-25 17:29:48,-20.7377,116.8463,294.99,41,1,4.88,clear sky,0.0,0
432,Guilin,CN,2021-08-25 17:27:03,25.2819,110.2864,299.21,86,98,0.05,overcast clouds,0.0,0
433,Klaksvik,FO,2021-08-25 17:29:49,62.2266,-6.589,285.66,97,100,2.63,overcast clouds,0.0,0
434,Mareeba,AU,2021-08-25 17:29:49,-17.0,145.4333,292.55,90,43,0.95,scattered clouds,0.0,0
435,Celestun,MX,2021-08-25 17:29:50,20.8667,-90.4,303.68,62,74,2.19,broken clouds,0.0,0
436,Cabras,IT,2021-08-25 17:29:50,39.93,8.5314,299.21,67,60,4.96,broken clouds,0.0,0
437,Sorland,NO,2021-08-25 17:29:51,67.667,12.6934,285.19,87,7,10.01,clear sky,0.0,0
438,Gazanjyk,TM,2021-08-25 17:29:51,39.2446,55.5154,306.23,15,5,3.0,clear sky,0.0,0
439,Mnogovershinnyy,RU,2021-08-25 17:29:52,53.9353,139.9242,287.36,98,97,0.45,overcast clouds,0.0,0
440,Altamira,BR,2021-08-25 17:29:52,-3.2033,-52.2064,307.2,52,75,3.6,broken clouds,0.0,0
441,Kachug,RU,2021-08-25 17:29:52,53.9606,105.8817,285.1,65,100,1.64,overcast clouds,0.0,0
442,Toyooka,JP,2021-08-25 17:29:53,35.5333,134.8333,297.21,95,81,2.19,broken clouds,0.0,0
443,Port Hardy,CA,2021-08-25 17:29:53,50.6996,-127.4199,283.25,93,75,1.54,mist,0.0,0
444,Ben Tre,VN,2021-08-25 17:29:53,10.2333,106.3833,296.65,96,100,0.66,overcast clouds,0.0,0
445,Balkanabat,TM,2021-08-25 17:29:54,39.5108,54.3671,307.59,16,18,1.63,few clouds,0.0,0
446,Strezhevoy,RU,2021-08-25 17:29:54,60.7333,77.5889,294.14,64,40,2.75,scattered clouds,0.0,0
447,Ixtapa,MX,2021-08-25 17:29:55,20.7,-105.2,302.72,70,40,1.03,scattered clouds,0.0,0
448,Nemuro,JP,2021-08-25 17:29:55,43.3236,145.575,288.66,99,100,7.16,moderate rain,2.73,0
449,Barcelos,PT,2021-08-25 17:29:56,41.5388,-8.6151,297.51,66,100,2.63,overcast clouds,0.0,0
450,Aquiraz,BR,2021-08-25 17:29:56,-3.9014,-38.3911,303.2,59,55,7.46,broken clouds,0.0,0
451,Adrar,MR,2021-08-25 17:29:57,20.5022,-10.0711,315.61,9,26,5.51,scattered clouds,0.0,0
452,Cleethorpes,GB,2021-08-25 17:29:57,53.5605,-0.0323,292.58,82,90,8.75,overcast clouds,0.0,0
453,Baruun-Urt,MN,2021-08-25 17:29:57,46.6806,113.2792,282.96,88,100,9.2,light rain,0.42,0
454,Gambiran,ID,2021-08-25 17:29:58,-6.7988,111.4951,296.55,70,22,2.71,few clouds,0.0,0
455,Otane,NZ,2021-08-25 17:29:58,-39.8833,176.6333,276.14,87,0,1.28,clear sky,0.0,0
456,Teahupoo,PF,2021-08-25 17:29:59,-17.8333,-149.2667,294.13,71,61,7.67,broken clouds,0.0,0
457,Samarai,PG,2021-08-25 17:29:59,-10.6167,150.6667,298.88,83,64,5.87,broken clouds,0.0,0
458,Roma,US,2021-08-25 17:29:59,43.2128,-75.4557,304.79,60,1,2.06,clear sky,0.0,0
459,Kampong Thum,KH,2021-08-25 17:30:00,12.7111,104.8887,297.25,95,100,3.26,moderate rain,2.37,0
460,Kruszwica,PL,2021-08-25 17:30:00,52.6756,18.3313,291.05,51,79,5.09,broken clouds,0.0,0
461,Zdvinsk,RU,2021-08-25 17:30:00,54.7021,78.661,292.06,62,0,3.9,clear sky,0.0,0
462,Provideniya,RU,2021-08-25 17:30:01,64.3833,-173.3,278.87,76,100,4.4,overcast clouds,0.0,0
463,Montrose,US,2021-08-25 17:30:01,38.4166,-108.2673,296.69,13,0,3.18,clear sky,0.0,0
464,Soc Trang,VN,2021-08-25 17:30:04,9.6033,105.98,297.29,92,100,2.18,light rain,0.12,0
465,Bardiyah,LY,2021-08-25 17:30:04,31.7561,25.0865,299.62,64,0,5.78,clear sky,0.0,0
466,Stokmarknes,NO,2021-08-25 17:30:05,68.5646,14.9108,287.14,67,20,1.54,few clouds,0.0,0
467,Tonj,SS,2021-08-25 17:30:05,7.2737,28.6822,295.53,87,81,0.58,light rain,0.21,0
468,Mount Isa,AU,2021-08-25 17:30:06,-20.7333,139.5,286.02,24,0,3.6,clear sky,0.0,0
469,Haines Junction,CA,2021-08-25 17:30:06,60.7522,-137.5108,285.12,66,100,0.51,overcast clouds,0.0,0
470,Ambilobe,MG,2021-08-25 17:30:06,-13.2,49.05,293.17,84,3,2.04,clear sky,0.0,0
471,Guozhen,CN,2021-08-25 17:30:07,34.3659,107.359,294.75,49,90,1.26,overcast clouds,0.0,0
472,Plouzane,FR,2021-08-25 17:30:07,48.3833,-4.6167,295.2,75,0,8.23,clear sky,0.0,0
473,Karla,EE,2021-08-25 17:30:08,59.3723,24.9275,285.13,88,90,5.66,light intensity shower rain,0.32,0
474,Gazli,UZ,2021-08-25 17:30:08,40.1333,63.45,303.27,14,0,4.53,clear sky,0.0,0
475,Boende,CD,2021-08-25 17:30:08,-0.2167,20.8667,299.84,62,19,0.86,few clouds,0.0,0
476,Calamar,CO,2021-08-25 17:30:09,10.2511,-74.9146,302.12,62,96,3.05,overcast clouds,0.0,0
477,Port Augusta,AU,2021-08-25 17:30:09,-32.5,137.7667,282.23,86,43,0.99,scattered clouds,0.0,0
478,Grand Gaube,MU,2021-08-25 17:30:10,-20.0064,57.6608,294.37,70,10,2.24,clear sky,0.0,0
479,Goderich,CA,2021-08-25 17:30:10,43.7501,-81.7165,300.32,78,100,3.6,overcast clouds,0.0,0
480,Tari,NG,2021-08-25 17:30:11,12.4086,4.4914,302.19,67,95,3.65,overcast clouds,0.0,0
481,Juba,SS,2021-08-25 17:30:11,4.8517,31.5825,297.78,66,7,1.15,light rain,0.26,0
482,Berasia,IN,2021-08-25 17:30:11,23.6333,77.4333,296.93,85,98,4.17,overcast clouds,0.0,0
483,Bereda,ES,2021-08-25 17:30:12,43.2686,-7.5406,296.16,69,52,2.77,broken clouds,0.0,0
484,Abidjan,CI,2021-08-25 17:30:12,5.3094,-4.0197,298.13,100,75,2.57,broken clouds,0.0,0
485,Presidente Dutra,BR,2021-08-25 17:30:13,-5.29,-44.49,309.49,29,83,1.92,broken clouds,0.0,0
486,Kenora,CA,2021-08-25 17:30:13,49.8167,-94.4337,290.69,63,75,6.17,broken clouds,0.0,0
487,Ponta Delgada,PT,2021-08-25 17:30:13,37.7333,-25.6667,296.55,60,20,8.75,few clouds,0.0,0
488,Arlit,NE,2021-08-25 17:30:14,18.7369,7.3853,303.0,40,84,7.89,broken clouds,0.0,0
489,Angoche,MZ,2021-08-25 17:30:14,-16.2325,39.9086,296.73,80,0,4.13,clear sky,0.0,0
490,Musiri,IN,2021-08-25 17:30:15,10.9333,78.45,302.17,67,97,3.44,overcast clouds,0.0,0
491,Mayo,US,2021-08-25 17:30:15,38.8876,-76.5119,308.75,62,0,0.89,clear sky,0.0,0
492,Martil,MA,2021-08-25 17:30:16,35.6166,-5.2752,300.14,78,20,3.09,few clouds,0.0,0
493,Poya,NC,2021-08-25 17:30:16,-21.35,165.15,292.68,88,4,2.73,clear sky,0.0,0
494,Manokwari,ID,2021-08-25 17:30:16,-0.8667,134.0833,298.55,78,98,1.17,overcast clouds,0.0,0
495,Puerto Leguizamo,CO,2021-08-25 17:30:17,-0.1934,-74.7819,298.29,79,98,1.66,overcast clouds,0.0,0
496,Palmer,US,2021-08-25 17:30:17,42.1584,-72.3287,306.07,51,40,0.0,scattered clouds,0.0,0
497,Bandarbeyla,SO,2021-08-25 17:30:18,9.4942,50.8122,298.47,83,6,14.85,clear sky,0.0,0
498,Luxor,EG,2021-08-25 17:30:18,25.6989,32.6421,307.18,26,0,3.09,clear sky,0.0,0
499,Luena,AO,2021-08-25 17:30:18,-11.7833,19.9167,298.43,28,37,2.14,scattered clouds,0.0,0
500,Barsovo,RU,2021-08-25 17:30:19,61.1667,73.1667,293.22,86,36,3.54,scattered clouds,0.0,0
501,Razole,IN,2021-08-25 17:30:19,16.4833,81.8333,301.1,81,80,2.02,broken clouds,0.0,0
502,Itoman,JP,2021-08-25 17:30:19,26.1247,127.6694,301.16,88,20,2.06,few clouds,0.0,0
503,Cabo Rojo,PR,2021-08-25 17:30:20,18.0866,-67.1457,306.07,69,35,4.86,scattered clouds,0.0,0
504,Nieuw Amsterdam,SR,2021-08-25 17:30:20,5.8833,-55.0833,307.16,57,40,1.03,scattered clouds,0.0,0
505,Farafangana,MG,2021-08-25 17:30:21,-22.8167,47.8333,293.89,89,0,3.5,clear sky,0.0,0
506,Challapata,BO,2021-08-25 17:30:21,-18.9,-66.7667,286.85,15,0,12.19,clear sky,0.0,0
507,Callaway,US,2021-08-25 17:30:22,30.153,-85.5699,305.37,81,90,3.58,overcast clouds,0.0,0
508,Verkhnyaya Inta,RU,2021-08-25 17:30:22,65.9811,60.3094,282.77,76,100,3.78,overcast clouds,0.0,0
509,Skelleftea,SE,2021-08-25 17:30:22,64.7507,20.9528,283.35,69,90,1.79,moderate rain,0.75,0
510,Ust-Kulom,RU,2021-08-25 17:30:23,61.6864,53.6902,282.25,97,68,1.69,broken clouds,0.0,0
511,Imeni Poliny Osipenko,RU,2021-08-25 17:30:23,52.4201,136.4853,288.24,97,2,2.28,clear sky,0.0,0
512,Hobyo,SO,2021-08-25 17:30:24,5.3505,48.5268,298.64,86,45,10.04,scattered clouds,0.0,0
513,Sakakah,SA,2021-08-25 17:30:24,29.9697,40.2064,312.91,10,0,3.87,clear sky,0.0,0
514,Verkhoyansk,RU,2021-08-25 17:30:25,67.5447,133.385,283.39,62,17,1.65,few clouds,0.0,0
515,El Salto,MX,2021-08-25 17:30:25,20.3333,-104.5,299.01,50,74,3.66,broken clouds,0.0,0
516,Fernie,CA,2021-08-25 17:30:26,49.5,-115.0687,288.2,35,64,1.98,broken clouds,0.0,0
517,Helong,CN,2021-08-25 17:30:26,42.5397,128.9972,288.64,97,41,1.91,scattered clouds,0.0,0
518,Brownsville,US,2021-08-25 17:26:40,25.9018,-97.4975,307.6,57,75,1.34,broken clouds,0.0,0
519,Nyurba,RU,2021-08-25 17:30:27,63.2842,118.3319,286.59,77,96,3.5,light rain,0.42,0
520,Talcahuano,CL,2021-08-25 17:28:39,-36.7167,-73.1167,285.97,71,75,4.63,broken clouds,0.0,0
521,Aktash,RU,2021-08-25 17:30:27,50.3,87.7333,280.91,55,0,0.24,clear sky,0.0,0
522,Neuquen,AR,2021-08-25 17:28:38,-38.9516,-68.0591,289.09,29,0,6.69,clear sky,0.0,0
523,Sumbe,AO,2021-08-25 17:30:28,-11.2061,13.8437,294.88,86,21,3.72,few clouds,0.0,0
524,Krasnoselkup,RU,2021-08-25 17:30:29,65.7,82.4667,280.31,75,38,2.45,scattered clouds,0.0,0
525,Kuandian,CN,2021-08-25 17:30:29,40.7286,124.7847,288.93,97,5,1.06,clear sky,0.0,0
526,Ballina,AU,2021-08-25 17:30:30,-28.8667,153.5667,283.13,66,0,3.6,clear sky,0.0,0
527,Panaba,MX,2021-08-25 17:30:30,21.2833,-88.2667,309.11,35,15,4.93,few clouds,0.0,0
528,Ruteng,ID,2021-08-25 17:30:30,-8.6136,120.4721,288.36,88,53,1.11,broken clouds,0.0,0
529,Angoram,PG,2021-08-25 17:30:31,-4.0625,144.0661,295.67,99,100,0.95,overcast clouds,0.0,0
530,Mandalgovi,MN,2021-08-25 17:30:31,45.7625,106.2708,282.19,83,80,4.35,broken clouds,0.0,0
531,Lahij,YE,2021-08-25 17:30:32,13.1667,44.5833,305.71,42,36,3.05,scattered clouds,0.0,0
532,Mendi,PG,2021-08-25 17:30:32,-6.1761,143.6513,284.26,96,97,1.31,overcast clouds,0.0,0
533,Normandin,CA,2021-08-25 17:30:32,48.8333,-72.5321,298.22,61,85,1.54,overcast clouds,0.0,0
534,Caravelas,BR,2021-08-25 17:30:33,-17.7125,-39.2481,298.26,66,57,4.42,broken clouds,0.0,0
535,Rong Kwang,TH,2021-08-25 17:30:33,18.339,100.3174,296.62,97,100,0.53,overcast clouds,0.0,0
536,Vestmanna,FO,2021-08-25 17:30:34,62.1564,-7.1664,284.66,100,75,2.57,fog,0.0,0
537,Liverpool,GB,2021-08-25 17:29:05,53.4106,-2.9779,295.84,69,20,0.89,few clouds,0.0,0
538,Ubinskoye,RU,2021-08-25 17:30:34,55.3068,79.6802,290.2,73,0,3.68,clear sky,0.0,0
539,Alappuzha,IN,2021-08-25 17:30:35,9.49,76.3264,299.36,82,35,2.5,scattered clouds,0.0,0
540,Deputatskiy,RU,2021-08-25 17:30:35,69.3,139.9,277.78,74,18,2.11,few clouds,0.0,0
541,Tautira,PF,2021-08-25 17:30:36,-17.7333,-149.15,297.16,68,80,6.87,broken clouds,0.0,0
542,Abbeville,FR,2021-08-25 17:30:36,50.1,1.8333,294.82,73,12,5.88,few clouds,0.0,0
543,Srednekolymsk,RU,2021-08-25 17:30:36,67.45,153.6833,278.95,91,40,1.46,scattered clouds,0.0,0
544,Katherine,AU,2021-08-25 17:30:37,-14.4667,132.2667,290.33,42,31,3.09,scattered clouds,0.0,0
545,Nukus,UZ,2021-08-25 17:30:37,42.4531,59.6103,302.14,30,0,1.03,clear sky,0.0,0
546,Port Moresby,PG,2021-08-25 17:30:38,-9.4431,147.1797,297.83,88,40,1.54,scattered clouds,0.0,0
547,San Cristobal,VE,2021-08-25 17:30:38,7.7669,-72.225,302.25,53,92,3.49,overcast clouds,0.0,0
548,Ust-Tsilma,RU,2021-08-25 17:30:38,65.441,52.1498,282.92,79,100,3.34,overcast clouds,0.0,0
549,Mahajanga,MG,2021-08-25 17:30:39,-15.7167,46.3167,298.16,73,0,3.09,clear sky,0.0,0
550,Elizabeth City,US,2021-08-25 17:30:28,36.2946,-76.2511,306.51,67,20,0.45,few clouds,0.0,0
551,Eskil,TR,2021-08-25 17:30:39,38.4017,33.4131,298.95,22,0,2.5,clear sky,0.0,0
552,Raudeberg,NO,2021-08-25 17:30:40,61.9875,5.1352,287.52,84,80,3.58,broken clouds,0.0,0
553,Eenhana,NA,2021-08-25 17:30:40,-17.4667,16.3333,302.01,21,4,3.19,clear sky,0.0,0
554,Ostersund,SE,2021-08-25 17:30:41,63.1792,14.6357,283.4,66,75,6.69,broken clouds,0.0,0
555,Astoria,US,2021-08-25 17:30:24,46.1879,-123.8313,289.78,80,90,0.89,overcast clouds,0.0,0
556,Tabou,CI,2021-08-25 17:30:41,4.423,-7.3528,298.31,85,74,4.02,light rain,0.4,0
557,Moree,AU,2021-08-25 17:30:42,-29.4667,149.85,275.16,93,18,2.06,few clouds,0.0,0
558,Fiumicino,IT,2021-08-25 17:30:42,41.7675,12.2291,300.36,73,0,4.12,clear sky,0.0,0
559,Topolobampo,MX,2021-08-25 17:30:43,25.6,-109.05,308.77,49,1,0.0,clear sky,0.0,0
