City_ID,City,Country,Date,Lat,Lng,Max Temp,Humidity,Cloudiness,Wind Speed,Current Description
0,Yar-Sale,RU,2021-08-26 22:23:53,66.8333,70.8333,40.55,93,100,27.92,light rain
1,Punta Arenas,CL,2021-08-26 22:22:04,-53.15,-70.9167,39.31,75,20,2.3,few clouds
2,Bluff,NZ,2021-08-26 22:23:54,-46.6,168.3333,43.81,74,97,11.32,overcast clouds
3,Kavieng,PG,2021-08-26 22:23:55,-2.5744,150.7967,83.41,72,74,10.71,broken clouds
4,Port Alfred,ZA,2021-08-26 22:23:55,-33.5906,26.891,62.89,91,10,13.78,clear sky
5,Collie,AU,2021-08-26 22:23:55,-33.3667,116.15,43.99,86,29,3.6,scattered clouds
6,Puerto Escondido,MX,2021-08-26 22:23:56,15.85,-97.0667,81.25,79,100,24.4,overcast clouds
7,Vardo,NO,2021-08-26 22:23:56,70.3705,31.1107,50.59,79,99,13.78,overcast clouds
8,Mataura,NZ,2021-08-26 22:23:57,-46.1927,168.8643,43.48,97,100,2.62,overcast clouds
9,Butaritari,KI,2021-08-26 22:23:57,3.0707,172.7902,81.64,76,99,14.14,light rain
10,Puerto Ayora,EC,2021-08-26 22:23:57,-0.7393,-90.3518,75.16,81,76,8.99,broken clouds
11,Rikitea,PF,2021-08-26 22:23:58,-23.1203,-134.9692,71.85,73,11,10.6,few clouds
12,Hwange,ZW,2021-08-26 22:23:58,-18.3693,26.5019,67.93,35,0,3.02,clear sky
13,Hobart,AU,2021-08-26 22:23:59,-42.8794,147.3294,46.26,88,75,4.61,broken clouds
14,Tam Ky,VN,2021-08-26 22:19:07,15.5667,108.4833,78.78,95,100,6.78,overcast clouds
15,Hermanus,ZA,2021-08-26 22:23:59,-34.4187,19.2345,46.9,85,100,12.26,moderate rain
16,Krasnoselkup,RU,2021-08-26 22:24:00,65.7,82.4667,61.18,93,99,16.02,overcast clouds
17,Saint George,US,2021-08-26 22:20:18,37.1041,-113.5841,104.63,13,1,1.99,clear sky
18,Atuona,PF,2021-08-26 22:24:00,-9.8,-139.0333,77.58,76,1,18.05,clear sky
19,Aasiaat,GL,2021-08-26 22:24:01,68.7098,-52.8699,37.72,96,100,3.76,overcast clouds
20,Buala,SB,2021-08-26 22:24:01,-8.145,159.5921,82.6,75,73,10.56,broken clouds
21,Bathsheba,BB,2021-08-26 22:24:02,13.2167,-59.5167,83.01,78,40,13.8,scattered clouds
22,Trstenik,RS,2021-08-26 22:24:02,43.6169,21.0025,63.01,88,17,1.7,few clouds
23,Plouzane,FR,2021-08-26 22:24:02,48.3833,-4.6167,59.09,94,75,6.91,broken clouds
24,Hilo,US,2021-08-26 22:24:03,19.7297,-155.09,80.33,69,75,6.91,broken clouds
25,Cape Town,ZA,2021-08-26 22:22:29,-33.9258,18.4232,49.1,91,75,3.44,light rain
26,Beringovskiy,RU,2021-08-26 22:24:03,63.05,179.3167,51.37,66,6,6.89,clear sky
27,Qaanaaq,GL,2021-08-26 22:24:04,77.484,-69.3632,37.87,98,100,5.7,overcast clouds
28,Tilichiki,RU,2021-08-26 22:24:04,60.4667,166.1,53.42,78,100,1.45,overcast clouds
29,Hami,CN,2021-08-26 22:24:05,42.8,93.45,76.05,20,95,8.52,overcast clouds
30,Kapaa,US,2021-08-26 22:24:05,22.0752,-159.319,84.52,67,75,4.0,light rain
31,Kalianget,ID,2021-08-26 22:24:06,-7.05,113.9333,76.93,74,5,5.84,clear sky
32,Hervey Bay,AU,2021-08-26 22:24:06,-25.2986,152.8535,57.31,45,0,7.09,clear sky
33,Prince Rupert,CA,2021-08-26 22:24:06,54.3161,-130.3201,60.89,88,90,3.44,light rain
34,Lompoc,US,2021-08-26 22:22:37,34.6391,-120.4579,90.57,68,1,14.97,haze
35,Ushuaia,AR,2021-08-26 22:24:07,-54.8,-68.3,35.26,64,0,6.91,clear sky
36,Henties Bay,NA,2021-08-26 22:24:07,-22.116,14.2845,53.85,92,1,9.71,clear sky
37,Busselton,AU,2021-08-26 22:24:08,-33.65,115.3333,46.09,59,32,13.13,scattered clouds
38,Dagana,MR,2021-08-26 22:24:08,16.5165,-15.5068,87.78,61,16,12.95,few clouds
39,Cidreira,BR,2021-08-26 22:24:09,-30.1811,-50.2056,57.16,82,100,8.5,overcast clouds
40,Olga,RU,2021-08-26 22:24:09,43.7444,135.2892,68.36,84,100,2.42,light rain
41,Tacuarembo,UY,2021-08-26 22:24:09,-31.7333,-55.9833,51.4,51,0,2.53,clear sky
42,Tuktoyaktuk,CA,2021-08-26 22:24:10,69.4541,-133.0374,66.2,55,75,9.22,broken clouds
43,Labuhan,ID,2021-08-26 22:24:10,-6.8844,112.2051,73.47,79,49,9.82,scattered clouds
44,Impfondo,CG,2021-08-26 22:24:11,1.6381,18.0667,75.69,75,85,3.09,overcast clouds
45,Grimshaw,CA,2021-08-26 22:24:11,56.1834,-117.6027,74.82,31,75,16.11,broken clouds
46,East London,ZA,2021-08-26 22:24:11,-33.0153,27.9116,68.95,60,1,4.99,clear sky
47,Marawi,PH,2021-08-26 22:24:12,7.9986,124.2928,64.65,91,100,2.98,overcast clouds
48,Yellowknife,CA,2021-08-26 22:21:57,62.456,-114.3525,70.32,56,20,8.05,few clouds
49,Barrow,US,2021-08-26 22:24:13,71.2906,-156.7887,41.02,87,90,21.85,light rain
50,Avarua,CK,2021-08-26 22:24:13,-21.2078,-159.775,68.05,94,75,2.3,light rain
51,Bogotol,RU,2021-08-26 22:24:13,56.2078,89.5342,56.82,94,2,6.46,clear sky
52,Almaznyy,RU,2021-08-26 22:24:14,48.0448,40.045,71.74,36,84,10.65,light rain
53,Vao,NC,2021-08-26 22:24:14,-22.6667,167.4833,71.11,74,73,12.01,broken clouds
54,Albany,US,2021-08-26 22:20:14,42.6001,-73.9662,90.27,67,34,5.53,scattered clouds
55,Ayan,RU,2021-08-26 22:24:15,56.45,138.1667,60.44,76,56,6.85,broken clouds
56,Port Blair,IN,2021-08-26 22:24:15,11.6667,92.75,79.61,83,100,12.8,overcast clouds
57,Beckley,US,2021-08-26 22:24:16,37.7782,-81.1882,76.44,86,90,1.68,overcast clouds
58,Chuy,UY,2021-08-26 22:24:16,-33.6971,-53.4616,50.92,68,0,6.33,clear sky
59,Mafeteng,LS,2021-08-26 22:24:16,-29.823,27.2374,58.1,53,21,17.58,few clouds
60,Faya,SA,2021-08-26 22:24:17,18.3851,42.4509,69.91,30,3,7.9,clear sky
61,Nikolskoye,RU,2021-08-26 22:24:17,59.7035,30.7861,57.09,76,100,8.14,overcast clouds
62,Ribeira Grande,PT,2021-08-26 22:24:17,38.5167,-28.7,70.05,66,88,14.12,overcast clouds
63,Lamu,KE,2021-08-26 22:24:18,-2.2717,40.902,71.82,85,55,15.37,light rain
64,Bengkulu,ID,2021-08-26 22:24:18,-3.8004,102.2655,73.9,85,10,4.32,clear sky
65,Severo-Kurilsk,RU,2021-08-26 22:24:19,50.6789,156.125,55.65,84,100,3.67,overcast clouds
66,Kidal,ML,2021-08-26 22:24:19,18.4411,1.4078,92.28,35,94,8.01,overcast clouds
67,Tura,IN,2021-08-26 22:24:19,25.5198,90.2201,73.6,99,100,3.98,light rain
68,Prado,BR,2021-08-26 22:24:20,-17.3411,-39.2208,73.78,81,0,10.69,clear sky
69,Wick,GB,2021-08-26 22:24:20,58.4333,-3.0833,51.85,82,90,3.44,overcast clouds
70,Chara,RU,2021-08-26 22:24:21,56.9064,118.2631,54.23,75,88,2.1,overcast clouds
71,Jamestown,US,2021-08-26 22:15:52,42.097,-79.2353,85.32,69,20,4.0,few clouds
72,Bonthe,SL,2021-08-26 22:24:21,7.5264,-12.505,77.07,87,100,6.8,moderate rain
73,Bredasdorp,ZA,2021-08-26 22:24:22,-34.5322,20.0403,47.52,87,100,8.05,moderate rain
74,Salalah,OM,2021-08-26 22:24:22,17.0151,54.0924,78.89,89,75,4.61,broken clouds
75,Thompson,CA,2021-08-26 22:24:22,55.7435,-97.8558,68.16,37,40,12.66,scattered clouds
76,Tres Lagoas,BR,2021-08-26 22:24:23,-20.7511,-51.6783,79.84,39,88,6.93,overcast clouds
77,Dhidhdhoo,MV,2021-08-26 22:24:23,6.8833,73.1,82.35,78,100,18.39,overcast clouds
78,Tome,CL,2021-08-26 22:24:24,-36.6167,-72.95,52.41,70,56,2.06,broken clouds
79,Guangyuan,CN,2021-08-26 22:24:24,32.442,105.823,65.08,96,75,0.74,broken clouds
80,Akyab,MM,2021-08-26 22:24:25,20.15,92.9,80.76,84,97,12.73,overcast clouds
81,Okulovka,RU,2021-08-26 22:24:25,58.4008,33.2908,52.65,89,100,8.08,overcast clouds
82,Port Hedland,AU,2021-08-26 22:24:25,-20.3167,118.5667,57.25,82,99,4.61,overcast clouds
83,Brookhaven,US,2021-08-26 22:24:26,31.5791,-90.4407,85.66,69,74,5.61,broken clouds
84,Kendari,ID,2021-08-26 22:24:11,-3.945,122.4989,72.99,95,100,2.73,light rain
85,Shadegan,IR,2021-08-26 22:24:26,30.6497,48.6647,98.51,10,0,12.21,clear sky
86,Souillac,MU,2021-08-26 22:24:27,-20.5167,57.5167,66.58,94,75,3.44,broken clouds
87,Goshen,US,2021-08-26 22:24:27,41.5823,-85.8344,87.69,65,75,3.44,broken clouds
88,Khandyga,RU,2021-08-26 22:24:27,62.6667,135.6,52.57,94,100,6.78,light rain
89,Mandalgovi,MN,2021-08-26 22:24:28,45.7625,106.2708,43.92,88,43,12.93,scattered clouds
90,Geraldton,AU,2021-08-26 22:24:28,-28.7667,114.6,52.21,93,90,6.91,overcast clouds
91,San Patricio,US,2021-08-26 22:24:29,28.017,-97.5169,96.03,50,95,8.63,overcast clouds
92,Basco,PH,2021-08-26 22:24:29,20.4487,121.9702,84.11,76,68,16.58,broken clouds
93,Damghan,IR,2021-08-26 22:24:29,36.1683,54.348,77.83,48,10,1.25,clear sky
94,Nemuro,JP,2021-08-26 22:24:30,43.3236,145.575,62.47,95,100,4.99,overcast clouds
95,Grafton,US,2021-08-26 22:24:30,42.207,-71.6856,91.62,65,1,6.91,clear sky
96,Marienburg,PL,2021-08-26 22:24:31,54.0359,19.0266,56.88,89,84,3.0,moderate rain
97,Tongliao,CN,2021-08-26 22:24:31,43.6125,122.2653,58.03,80,1,11.59,clear sky
98,Dikson,RU,2021-08-26 22:24:31,73.5069,80.5464,37.17,77,80,14.85,broken clouds
99,Namibe,AO,2021-08-26 22:24:32,-15.1961,12.1522,60.64,85,87,7.9,overcast clouds
100,Kununurra,AU,2021-08-26 22:24:32,-15.7667,128.7333,68.92,28,46,4.34,scattered clouds
101,Syamzha,RU,2021-08-26 22:24:33,60.0158,41.0614,44.33,96,8,5.91,clear sky
102,Menongue,AO,2021-08-26 22:24:33,-14.6585,17.691,64.44,31,84,2.15,broken clouds
103,Ipixuna,BR,2021-08-26 22:24:33,-1.7625,-48.8043,76.95,95,76,4.65,broken clouds
104,Fortuna,US,2021-08-26 22:24:34,40.5982,-124.1573,83.43,66,1,8.01,clear sky
105,Upernavik,GL,2021-08-26 22:24:34,72.7868,-56.1549,38.73,97,100,10.71,overcast clouds
106,Longyearbyen,SJ,2021-08-26 22:24:35,78.2186,15.6401,40.84,93,75,5.75,broken clouds
107,East Bethel,US,2021-08-26 22:24:35,45.3194,-93.2025,71.85,74,75,1.01,broken clouds
108,Kindu,CD,2021-08-26 22:24:35,-2.95,25.95,75.78,62,11,1.88,few clouds
109,Padang,ID,2021-08-26 22:24:36,-0.9492,100.3543,75.96,88,75,4.07,broken clouds
110,Leningradskiy,RU,2021-08-26 22:24:36,69.3833,178.4167,37.0,72,100,18.99,overcast clouds
111,Bara,NG,2021-08-26 22:24:37,10.3744,10.7288,75.11,87,70,5.57,broken clouds
112,Ambilobe,MG,2021-08-26 22:24:37,-13.2,49.05,64.51,81,0,4.23,clear sky
113,Provideniya,RU,2021-08-26 22:24:37,64.3833,-173.3,42.91,56,0,6.71,clear sky
114,Tasiilaq,GL,2021-08-26 22:24:38,65.6145,-37.6368,50.16,95,100,14.09,moderate rain
115,Baracatan,PH,2021-08-26 22:24:38,6.9675,125.4158,72.16,87,96,2.68,overcast clouds
116,Gamba,GA,2021-08-26 22:24:39,-2.65,10.0,74.86,85,55,5.48,broken clouds
117,Mana,GF,2021-08-26 22:24:39,5.6592,-53.7767,79.92,79,30,5.7,scattered clouds
118,Stonewall,CA,2021-08-26 22:24:40,50.1344,-97.3268,65.98,42,99,8.81,overcast clouds
119,Mantua,IT,2021-08-26 22:24:40,45.1667,10.7833,74.44,76,29,5.99,scattered clouds
120,Jiaonan,CN,2021-08-26 22:24:40,35.8786,119.9753,69.82,92,100,4.94,moderate rain
121,Nara,JP,2021-08-26 22:24:41,34.6851,135.8049,79.92,83,100,2.64,overcast clouds
122,Manokwari,ID,2021-08-26 22:24:41,-0.8667,134.0833,78.91,77,43,6.8,scattered clouds
123,Alyangula,AU,2021-08-26 22:24:41,-13.8483,136.4192,60.67,82,24,3.44,few clouds
124,Narsaq,GL,2021-08-26 22:24:42,60.9167,-46.05,53.82,71,22,3.67,few clouds
125,Mogadishu,SO,2021-08-26 22:24:42,2.0371,45.3438,76.73,81,9,16.02,clear sky
126,Saint-Pierre,RE,2021-08-26 22:24:43,-21.3393,55.4781,67.68,68,75,12.66,broken clouds
127,Saint-Joseph,RE,2021-08-26 22:24:43,-21.3667,55.6167,66.58,77,25,12.15,scattered clouds
128,Dunedin,NZ,2021-08-26 22:24:43,-45.8742,170.5036,46.8,85,100,8.14,overcast clouds
129,Beloha,MG,2021-08-26 22:24:44,-25.1667,45.05,65.82,94,43,8.88,scattered clouds
130,Niono,ML,2021-08-26 22:24:44,14.2526,-5.993,83.7,64,91,10.47,overcast clouds
131,Kalmunai,LK,2021-08-26 22:24:45,7.4167,81.8167,79.9,79,100,4.27,overcast clouds
132,Bestobe,KZ,2021-08-26 22:24:45,52.4994,73.0975,67.35,54,15,6.64,few clouds
133,Loreto,MX,2021-08-26 22:24:46,22.2667,-101.9667,76.12,35,15,20.58,few clouds
134,Johnstown,US,2021-08-26 22:24:46,40.3267,-78.922,89.42,83,90,8.05,fog
135,Vuktyl,RU,2021-08-26 22:24:46,63.8567,57.3094,44.22,92,89,7.0,overcast clouds
136,Kodiak,US,2021-08-26 22:24:47,57.79,-152.4072,56.71,77,90,5.75,overcast clouds
137,Salta,AR,2021-08-26 22:24:47,-24.7859,-65.4117,61.39,21,0,1.99,clear sky
138,Pisco,PE,2021-08-26 22:24:48,-13.7,-76.2167,65.01,72,0,20.71,clear sky
139,Bambanglipuro,ID,2021-08-26 22:24:48,-7.95,110.2833,72.97,81,37,3.8,scattered clouds
140,Devils Lake,US,2021-08-26 22:24:49,48.1128,-98.8651,64.94,71,90,13.0,overcast clouds
141,Shieli,KZ,2021-08-26 22:24:49,44.1667,66.75,75.18,28,7,4.14,clear sky
142,The Valley,AI,2021-08-26 22:24:49,18.217,-63.0578,84.34,70,20,13.8,few clouds
143,Rocha,UY,2021-08-26 22:22:26,-34.4833,-54.3333,50.49,70,1,7.27,clear sky
144,Kovdor,RU,2021-08-26 22:24:50,67.5662,30.4758,42.73,80,68,4.63,broken clouds
145,Port Lincoln,AU,2021-08-26 22:24:51,-34.7333,135.8667,48.47,76,32,12.86,scattered clouds
146,Praia,CV,2021-08-26 22:24:51,14.9215,-23.5087,79.34,89,75,10.36,broken clouds
147,San Gabriel,US,2021-08-26 22:24:51,34.0961,-118.1058,108.93,21,1,9.22,clear sky
148,Ossora,RU,2021-08-26 22:24:52,59.2353,163.0719,58.01,84,100,8.1,overcast clouds
149,Centralia,US,2021-08-26 22:23:32,46.7162,-122.9543,72.28,70,90,4.61,overcast clouds
150,Taybad,IR,2021-08-26 22:24:53,34.74,60.7756,76.53,22,0,13.0,clear sky
151,Prainha,BR,2021-08-26 22:24:53,-1.8,-53.48,82.29,63,41,4.12,scattered clouds
152,Mahebourg,MU,2021-08-26 22:24:53,-20.4081,57.7,66.49,94,75,3.44,broken clouds
153,Santiago,CL,2021-08-26 22:24:54,-33.4569,-70.6483,60.24,41,0,5.75,clear sky
154,San Cristobal,VE,2021-08-26 22:24:54,7.7669,-72.225,77.18,70,88,4.88,overcast clouds
155,New Norfolk,AU,2021-08-26 22:24:55,-42.7826,147.0587,45.9,89,100,1.74,overcast clouds
156,Tocopilla,CL,2021-08-26 22:24:55,-22.092,-70.1979,59.63,78,22,4.65,few clouds
157,Vaini,TO,2021-08-26 22:24:56,-21.2,-175.2,68.16,83,75,17.27,broken clouds
158,Petropavlovka,RU,2021-08-26 22:24:56,50.6114,105.3196,47.68,79,99,5.23,overcast clouds
159,Shingu,JP,2021-08-26 22:24:56,33.7333,135.9833,80.91,80,75,4.85,broken clouds
160,Pinsk,BY,2021-08-26 22:24:57,52.1229,26.0951,54.97,80,75,2.21,broken clouds
161,Kortkeros,RU,2021-08-26 22:24:57,61.8106,51.5806,48.2,69,100,4.61,overcast clouds
162,Jining,CN,2021-08-26 22:24:58,35.405,116.5814,63.93,94,100,4.88,overcast clouds
163,Lorengau,PG,2021-08-26 22:24:58,-2.0226,147.2712,81.46,80,75,9.69,broken clouds
164,Abashiri,JP,2021-08-26 22:24:59,44.0213,144.2697,67.15,87,98,4.12,overcast clouds
165,Nkowakowa,ZA,2021-08-26 22:24:59,-23.8878,30.2871,64.45,43,0,1.61,clear sky
166,Nome,US,2021-08-26 22:25:00,64.5011,-165.4064,48.27,61,75,17.27,broken clouds
167,Tangshan,CN,2021-08-26 22:25:00,39.6333,118.1833,63.57,86,3,2.3,light rain
168,Ostrovnoy,RU,2021-08-26 22:25:00,68.0531,39.5131,42.53,76,30,10.65,scattered clouds
169,Tukrah,LY,2021-08-26 22:25:01,32.5341,20.5791,78.84,71,0,4.72,clear sky
170,Goderich,CA,2021-08-26 22:25:01,43.7501,-81.7165,80.2,73,0,11.5,clear sky
171,Rondonopolis,BR,2021-08-26 22:25:01,-16.4708,-54.6356,86.54,29,55,6.98,light rain
172,Rajura,IN,2021-08-26 22:25:02,19.7833,79.3667,76.8,78,99,4.74,overcast clouds
173,Coahuayana,MX,2021-08-26 22:25:03,18.7333,-103.6833,89.08,76,100,4.72,overcast clouds
174,Sola,VU,2021-08-26 22:25:04,-13.8833,167.55,78.64,76,64,22.55,broken clouds
175,Acapulco,MX,2021-08-26 22:21:30,16.8634,-99.8901,87.62,66,90,24.16,overcast clouds
176,Constitucion,CL,2021-08-26 22:25:04,-35.3333,-72.4167,52.07,69,19,11.1,few clouds
177,Moyale,KE,2021-08-26 22:25:05,3.5167,39.0584,68.25,54,0,4.61,clear sky
178,Ballina,AU,2021-08-26 22:25:05,-28.8667,153.5667,57.78,58,0,10.36,clear sky
179,Nanortalik,GL,2021-08-26 22:25:05,60.1432,-45.2371,42.69,89,36,10.8,scattered clouds
180,Cockburn Town,TC,2021-08-26 22:25:06,21.4612,-71.1419,82.35,79,50,16.55,scattered clouds
181,Kazanskoye,RU,2021-08-26 22:25:06,55.6448,69.235,67.19,43,26,3.04,scattered clouds
182,Tezu,IN,2021-08-26 22:25:06,27.9167,96.1667,73.83,95,100,2.55,overcast clouds
183,Ahuimanu,US,2021-08-26 22:25:07,21.4447,-157.8378,87.51,58,40,11.5,scattered clouds
184,Georgetown,MY,2021-08-26 22:25:06,5.4112,100.3354,78.89,91,20,3.44,few clouds
185,Mecca,SA,2021-08-26 22:25:08,21.4267,39.8261,96.57,37,92,9.78,overcast clouds
186,Walvis Bay,NA,2021-08-26 22:25:08,-22.9575,14.5053,54.09,87,0,4.61,clear sky
187,Esperance,AU,2021-08-26 22:25:08,-33.8667,121.9,46.24,78,86,23.38,light rain
188,Waipawa,NZ,2021-08-26 22:25:09,-41.4122,175.5153,52.03,87,100,4.72,light rain
189,Cherskiy,RU,2021-08-26 22:25:09,68.75,161.3,49.12,65,95,6.26,overcast clouds
190,Northam,GB,2021-08-26 22:25:10,51.0333,-4.2167,63.01,85,23,4.59,few clouds
191,Sambava,MG,2021-08-26 22:25:10,-14.2667,50.1667,65.7,82,2,10.25,clear sky
192,Vondrozo,MG,2021-08-26 22:25:10,-22.8167,47.2833,60.31,99,71,2.64,light rain
193,Arraial Do Cabo,BR,2021-08-26 22:25:11,-22.9661,-42.0278,73.36,78,0,12.66,clear sky
194,Mar Del Plata,AR,2021-08-26 22:24:42,-38.0023,-57.5575,46.42,81,0,4.61,light rain
195,Saint-Raphael,HT,2021-08-26 22:25:11,19.4333,-72.2,81.77,77,62,5.57,broken clouds
196,Cumberland,US,2021-08-26 22:25:12,35.0502,-78.8664,91.9,56,1,10.36,clear sky
197,Bambous Virieux,MU,2021-08-26 22:25:12,-20.3428,57.7575,66.45,94,75,3.44,broken clouds
198,Shu,KZ,2021-08-26 22:25:12,43.5983,73.7614,73.99,25,27,5.73,scattered clouds
199,Parainen,FI,2021-08-26 22:25:13,60.3067,22.301,56.14,88,100,19.53,overcast clouds
200,Guerrero Negro,MX,2021-08-26 22:25:13,27.9769,-114.0611,85.17,54,0,14.97,clear sky
201,Yulara,AU,2021-08-26 22:25:14,-25.2406,130.9889,46.24,36,74,5.75,broken clouds
202,Sillod,IN,2021-08-26 22:25:14,20.3,75.65,71.58,86,100,7.61,overcast clouds
203,Palmer,US,2021-08-26 22:25:14,42.1584,-72.3287,92.01,62,40,5.75,scattered clouds
204,Samana,DO,2021-08-26 22:25:15,19.2056,-69.3369,85.96,74,30,10.8,scattered clouds
205,Cascais,PT,2021-08-26 22:23:22,38.6979,-9.4215,69.48,70,0,5.97,clear sky
206,Searcy,US,2021-08-26 22:25:15,35.2506,-91.7363,98.6,52,20,5.75,few clouds
207,Kokomo,US,2021-08-26 22:20:22,40.4864,-86.1336,85.91,77,1,9.22,moderate rain
208,Faanui,PF,2021-08-26 22:25:16,-16.4833,-151.75,79.47,61,91,11.23,overcast clouds
209,Talcahuano,CL,2021-08-26 22:25:15,-36.7167,-73.1167,53.28,71,40,8.05,scattered clouds
210,Pelotas,BR,2021-08-26 22:25:16,-31.7719,-52.3425,54.86,78,0,3.53,clear sky
211,Sorland,NO,2021-08-26 22:25:17,67.667,12.6934,53.2,75,18,10.22,few clouds
212,Ust-Tarka,RU,2021-08-26 22:21:15,55.5672,75.705,63.95,74,0,6.96,clear sky
213,Sao Filipe,CV,2021-08-26 22:25:18,14.8961,-24.4956,78.71,87,98,9.66,overcast clouds
214,Hofn,IS,2021-08-26 22:25:18,64.2539,-15.2082,54.32,97,96,6.69,overcast clouds
215,Sisimiut,GL,2021-08-26 22:25:18,66.9395,-53.6735,41.67,91,100,2.44,light rain
216,San Rafael,AR,2021-08-26 22:20:28,-34.6177,-68.3301,61.66,8,80,8.97,broken clouds
217,Ilulissat,GL,2021-08-26 22:25:19,69.2167,-51.1,42.82,81,75,6.91,broken clouds
218,Kaitangata,NZ,2021-08-26 22:25:19,-46.2817,169.8464,44.24,92,100,7.14,overcast clouds
219,Nykoping,SE,2021-08-26 22:25:20,58.753,17.0079,55.69,94,75,10.36,light rain
220,Yerofey Pavlovich,RU,2021-08-26 22:25:20,53.9667,121.9667,53.42,85,100,4.34,overcast clouds
221,Acarau,BR,2021-08-26 22:25:21,-2.8856,-40.12,79.3,78,3,19.3,clear sky
222,Port Macquarie,AU,2021-08-26 22:21:59,-31.4333,152.9167,51.76,59,4,7.14,clear sky
223,Lebu,CL,2021-08-26 22:25:22,-37.6167,-73.65,48.79,76,93,1.16,overcast clouds
224,Klaksvik,FO,2021-08-26 22:25:22,62.2266,-6.589,52.72,93,100,2.93,overcast clouds
225,Fairbanks,US,2021-08-26 22:25:22,64.8378,-147.7164,57.54,67,40,1.01,scattered clouds
226,Lagoa,PT,2021-08-26 22:25:23,39.05,-27.9833,68.97,66,94,16.62,overcast clouds
227,Xichang,CN,2021-08-26 22:25:23,27.8964,102.2634,60.06,98,100,2.3,light rain
228,Tornio,FI,2021-08-26 22:25:24,65.8481,24.1466,35.62,77,21,5.53,few clouds
229,Aswan,EG,2021-08-26 22:25:24,24.0934,32.907,89.31,20,0,11.65,clear sky
230,Carnarvon,AU,2021-08-26 22:25:24,-24.8667,113.6333,53.67,74,0,9.22,clear sky
231,Khani,GE,2021-08-26 22:25:25,41.9563,42.9566,62.17,80,0,4.59,clear sky
232,Myitkyina,MM,2021-08-26 22:25:25,25.3833,97.4,73.81,99,100,2.08,overcast clouds
233,Hasaki,JP,2021-08-26 22:25:26,35.7333,140.8333,81.0,81,94,6.44,overcast clouds
234,Avera,US,2021-08-26 22:25:26,33.194,-82.5271,91.74,38,10,6.44,clear sky
235,Hithadhoo,MV,2021-08-26 22:25:26,-0.6,73.0833,81.68,75,99,10.04,overcast clouds
236,Tiksi,RU,2021-08-26 22:25:27,71.6872,128.8694,38.46,96,100,19.13,light rain
237,Alofi,NU,2021-08-26 22:25:27,-19.0595,-169.9187,71.49,73,100,14.97,overcast clouds
238,Straseni,MD,2021-08-26 22:25:28,47.1414,28.6103,58.42,99,0,2.66,light rain
239,Fort Collins,US,2021-08-26 22:22:48,40.5853,-105.0844,89.85,33,1,5.01,clear sky
240,Machali,CL,2021-08-26 22:25:28,-34.1833,-70.6667,56.48,54,0,6.91,clear sky
241,Never,FR,2021-08-26 22:25:29,46.9896,3.159,62.35,77,9,9.4,clear sky
242,Bucerias,MX,2021-08-26 22:21:45,20.75,-105.3333,88.99,74,75,9.22,broken clouds
243,Tobol,KZ,2021-08-26 22:25:29,52.6844,62.5794,67.73,40,3,7.38,clear sky
244,Shiyan,CN,2021-08-26 22:25:30,32.6475,110.7781,63.52,97,100,2.93,light rain
245,Mokhsogollokh,RU,2021-08-26 22:25:30,61.4681,128.9203,52.74,92,87,4.56,overcast clouds
246,Naryan-Mar,RU,2021-08-26 22:25:31,67.6713,53.087,40.03,95,71,8.19,broken clouds
247,Cabo San Lucas,MX,2021-08-26 22:25:31,22.8909,-109.9124,99.52,58,20,8.05,few clouds
248,Akureyri,IS,2021-08-26 22:25:31,65.6835,-18.0878,57.13,77,0,1.14,clear sky
249,Yeppoon,AU,2021-08-26 22:25:32,-23.1333,150.7333,58.78,66,0,5.7,clear sky
250,Antofagasta,CL,2021-08-26 22:24:05,-23.65,-70.4,58.28,80,48,7.45,scattered clouds
251,Codrington,AU,2021-08-26 22:25:32,-38.2667,141.9667,40.03,95,13,6.91,few clouds
252,Manakara,MG,2021-08-26 22:25:33,-22.1333,48.0167,67.59,84,45,4.45,scattered clouds
253,Ketchikan,US,2021-08-26 22:25:33,55.3422,-131.6461,61.27,82,90,4.61,light rain
254,Coreau,BR,2021-08-26 22:25:34,-3.5333,-40.6567,84.29,43,11,7.16,few clouds
255,Tibati,CM,2021-08-26 22:25:34,6.4667,12.6333,67.75,96,100,3.65,light rain
256,Butka,RU,2021-08-26 22:25:34,56.7179,63.7866,60.8,95,100,8.14,overcast clouds
257,Baruun-Urt,MN,2021-08-26 22:25:35,46.6806,113.2792,49.37,92,100,7.83,moderate rain
258,Agadez,NE,2021-08-26 22:25:35,19.75,10.25,89.53,27,6,12.95,clear sky
259,Coihaique,CL,2021-08-26 22:25:36,-45.5752,-72.0662,42.75,61,75,0.0,broken clouds
260,Hualmay,PE,2021-08-26 22:25:36,-11.0964,-77.6139,63.57,81,96,9.71,overcast clouds
261,Saskylakh,RU,2021-08-26 22:25:36,71.9167,114.0833,35.87,96,100,13.2,overcast clouds
262,Khatanga,RU,2021-08-26 22:24:15,71.9667,102.5,35.62,82,95,5.97,overcast clouds
263,Buraydah,SA,2021-08-26 22:25:37,26.326,43.975,91.85,11,0,6.82,clear sky
264,Dali,CN,2021-08-26 22:25:37,25.7,100.1833,60.22,96,100,3.0,overcast clouds
265,Kahului,US,2021-08-26 22:24:13,20.8947,-156.47,84.97,64,40,26.46,scattered clouds
266,Port-Cartier,CA,2021-08-26 22:25:38,50.0334,-66.8654,61.93,98,90,2.39,overcast clouds
267,Chor,PK,2021-08-26 22:25:39,25.5167,69.7667,80.11,72,18,17.85,few clouds
268,Neryungri,RU,2021-08-26 22:25:39,56.6709,124.6491,48.85,92,100,4.97,overcast clouds
269,Two Hills,CA,2021-08-26 22:25:40,53.7169,-111.7518,77.23,32,96,12.19,overcast clouds
270,Iqaluit,CA,2021-08-26 22:25:40,63.7506,-68.5145,49.73,71,90,9.22,light rain
271,Chokurdakh,RU,2021-08-26 22:25:40,70.6333,147.9167,51.94,60,100,13.69,overcast clouds
272,Muzhi,RU,2021-08-26 22:25:41,65.3667,64.6667,44.76,83,100,13.47,overcast clouds
273,Ponta Do Sol,PT,2021-08-26 22:25:41,32.6667,-17.1,74.03,75,27,5.41,scattered clouds
274,Elban,RU,2021-08-26 22:25:42,50.1018,136.5094,64.35,94,100,4.09,moderate rain
275,Port Elizabeth,ZA,2021-08-26 22:25:42,-33.918,25.5701,61.09,82,40,8.05,scattered clouds
276,Montecristo,CO,2021-08-26 22:25:42,8.2971,-74.4733,81.61,88,100,1.9,overcast clouds
277,Anito,PH,2021-08-26 22:25:43,12.4497,125.2886,78.93,88,83,5.82,broken clouds
278,Pitimbu,BR,2021-08-26 22:25:43,-7.4706,-34.8086,75.79,83,9,12.39,clear sky
279,Gualaca,PA,2021-08-26 22:25:44,8.5333,-82.3,79.72,94,100,1.3,overcast clouds
280,Hobyo,SO,2021-08-26 22:25:44,5.3505,48.5268,77.43,83,19,24.25,few clouds
281,Nelson Bay,AU,2021-08-26 22:25:45,-32.7167,152.15,55.96,85,14,1.01,few clouds
282,Luwuk,ID,2021-08-26 22:25:45,-0.9516,122.7875,75.42,89,74,3.49,broken clouds
283,Laguna,US,2021-08-26 22:25:45,38.421,-121.4238,99.43,23,1,1.99,smoke
284,Hambantota,LK,2021-08-26 22:25:46,6.1241,81.1185,77.34,94,40,5.75,scattered clouds
285,Deputatskiy,RU,2021-08-26 22:25:46,69.3,139.9,49.01,79,100,3.31,overcast clouds
286,Saint-Philippe,RE,2021-08-26 22:25:47,-21.3585,55.7679,67.59,78,50,11.63,scattered clouds
287,Grand-Santi,GF,2021-08-26 22:25:47,4.25,-54.3833,79.65,73,93,4.16,overcast clouds
288,Orange,US,2021-08-26 22:20:56,33.7,-117.7675,112.98,36,1,1.99,clear sky
289,Bemidji,US,2021-08-26 22:25:44,47.4736,-94.8803,64.69,74,40,10.36,haze
290,Rusape,ZW,2021-08-26 22:25:49,-18.5278,32.1284,56.14,54,0,4.79,clear sky
291,Isangel,VU,2021-08-26 22:25:49,-19.55,169.2667,77.11,65,40,11.5,smoke
292,Progreso,MX,2021-08-26 22:25:49,21.2833,-89.6667,91.11,68,1,11.83,clear sky
293,Ponta Delgada,PT,2021-08-26 22:25:50,37.7333,-25.6667,65.12,72,20,6.91,few clouds
294,Srednekolymsk,RU,2021-08-26 22:25:50,67.45,153.6833,55.26,51,100,12.08,overcast clouds
295,Bardiyah,LY,2021-08-26 22:25:50,31.7561,25.0865,77.95,76,0,9.35,clear sky
296,Dutse,NG,2021-08-26 22:25:51,11.7594,9.3392,78.57,66,54,3.42,broken clouds
297,Rio Gallegos,AR,2021-08-26 22:21:30,-51.6226,-69.2181,37.45,81,20,4.61,few clouds
298,Nazilli,TR,2021-08-26 22:25:52,37.9163,28.3223,76.55,44,0,0.56,clear sky
299,Itarema,BR,2021-08-26 22:25:52,-2.9248,-39.9167,78.98,80,3,18.07,clear sky
300,Tahoua,NE,2021-08-26 22:25:52,14.8888,5.2692,85.51,49,25,6.71,scattered clouds
301,Bousso,TD,2021-08-26 22:25:53,10.4795,16.7117,76.28,83,74,1.68,light rain
302,Kjustendil,BG,2021-08-26 22:25:53,42.2839,22.6911,66.06,94,99,1.88,overcast clouds
303,Changping,CN,2021-08-26 22:25:54,40.2186,116.2197,60.44,66,0,8.01,clear sky
304,Bandarbeyla,SO,2021-08-26 22:25:54,9.4942,50.8122,76.95,85,51,27.69,broken clouds
305,Mnogovershinnyy,RU,2021-08-26 22:25:54,53.9353,139.9242,57.79,94,100,1.05,overcast clouds
306,Svetlyy,RU,2021-08-26 22:25:55,54.675,20.1347,55.45,89,36,4.38,scattered clouds
307,Mumbwa,ZM,2021-08-26 22:25:55,-14.9783,27.0619,64.45,36,0,5.01,clear sky
308,Juneau,US,2021-08-26 22:25:56,58.3019,-134.4197,60.85,94,90,3.44,light rain
309,Kruisfontein,ZA,2021-08-26 22:25:56,-34.0033,24.7314,54.88,79,0,8.95,clear sky
310,Kizukuri,JP,2021-08-26 22:25:56,40.8061,140.3861,72.01,85,99,2.91,overcast clouds
311,Garden City,US,2021-08-26 22:25:57,42.3256,-83.331,91.49,59,40,12.66,scattered clouds
312,Suining,CN,2021-08-26 22:25:57,30.508,105.5733,65.82,97,100,1.83,overcast clouds
313,Mehamn,NO,2021-08-26 22:25:58,71.0357,27.8492,51.21,60,100,13.56,overcast clouds
314,Ancud,CL,2021-08-26 22:25:58,-41.8697,-73.8203,46.42,68,84,8.93,broken clouds
315,Naze,JP,2021-08-26 22:25:58,28.3667,129.4833,77.92,78,50,4.85,scattered clouds
316,Vila Franca Do Campo,PT,2021-08-26 22:25:59,37.7167,-25.4333,64.81,74,20,6.4,few clouds
317,Gambo,CF,2021-08-26 22:25:59,4.6482,22.2633,68.0,91,100,1.07,overcast clouds
318,Correntina,BR,2021-08-26 22:26:00,-13.3433,-44.6367,79.45,30,83,6.15,broken clouds
319,Tadine,NC,2021-08-26 22:26:00,-21.55,167.8833,74.37,65,76,10.47,broken clouds
320,Kosum Phisai,TH,2021-08-26 22:26:00,16.2486,103.0674,77.41,91,98,3.8,overcast clouds
321,Borda Da Mata,BR,2021-08-26 22:26:01,-22.2742,-46.1653,74.86,33,84,1.63,broken clouds
322,Nokaneng,BW,2021-08-26 22:26:01,-19.6667,22.2667,69.64,16,1,7.43,clear sky
323,Milkovo,RU,2021-08-26 22:26:02,54.7167,158.6167,62.28,63,21,2.21,few clouds
324,Sozimskiy,RU,2021-08-26 22:26:02,59.7418,52.2482,51.62,68,99,4.18,overcast clouds
325,Kasongo-Lunda,CD,2021-08-26 22:26:02,-6.4667,16.8167,73.65,80,57,3.06,broken clouds
326,Victoria,HK,2021-08-26 22:26:03,22.2855,114.1577,84.18,88,6,11.79,clear sky
327,Kajaani,FI,2021-08-26 22:26:03,64.2273,27.7285,41.05,93,20,8.05,few clouds
328,Pandamatenga,BW,2021-08-26 22:26:04,-18.5278,25.627,65.91,32,0,5.99,clear sky
329,Elat,IL,2021-08-26 22:22:22,29.5581,34.9482,91.24,46,0,13.8,clear sky
330,Eydhafushi,MV,2021-08-26 22:26:04,5.1033,73.0708,82.78,74,99,16.51,overcast clouds
331,Hay River,CA,2021-08-26 22:26:05,60.8156,-115.7999,78.78,31,40,9.22,scattered clouds
332,Bata,GQ,2021-08-26 22:26:05,1.8639,9.7658,76.64,88,68,7.38,light rain
333,Yumen,CN,2021-08-26 22:26:06,40.2833,97.2,61.77,33,94,18.23,overcast clouds
334,Sena Madureira,BR,2021-08-26 22:26:06,-9.0656,-68.6569,91.67,39,100,5.08,overcast clouds
335,Clyde River,CA,2021-08-26 22:26:07,70.4692,-68.5914,39.43,87,90,5.75,light rain
336,Horta,PT,2021-08-26 22:26:07,38.5333,-28.6333,69.03,67,89,13.35,overcast clouds
337,Pevek,RU,2021-08-26 22:26:07,69.7008,170.3133,34.99,86,100,7.52,overcast clouds
338,Lazaro Cardenas,MX,2021-08-26 22:26:08,17.9583,-102.2,84.87,71,38,9.15,scattered clouds
339,Asau,RO,2021-08-26 22:26:08,46.4333,26.4,55.96,84,3,4.45,light rain
340,Sao Joao Da Barra,BR,2021-08-26 22:26:09,-21.6403,-41.0511,73.18,82,4,27.83,clear sky
341,Eureka,US,2021-08-26 22:26:09,40.8021,-124.1637,83.68,72,12,8.01,few clouds
342,Christchurch,NZ,2021-08-26 22:26:09,-43.5333,172.6333,51.91,86,90,8.05,overcast clouds
343,Poum,NC,2021-08-26 22:26:10,-20.2333,164.0167,74.21,77,8,12.55,clear sky
344,Ganta,LR,2021-08-26 22:26:10,7.3022,-8.5308,69.82,99,99,1.01,overcast clouds
345,Airai,TL,2021-08-26 22:26:11,-8.9266,125.4092,56.28,84,12,3.51,few clouds
346,Murmashi,RU,2021-08-26 22:26:11,68.8154,32.8115,34.21,100,0,2.24,clear sky
347,Djibo,BF,2021-08-26 22:26:12,14.1022,-1.6306,77.9,68,100,5.7,overcast clouds
348,Castro,BR,2021-08-26 22:26:12,-24.7911,-50.0119,63.82,58,90,3.24,overcast clouds
349,San Antonio,US,2021-08-26 22:23:04,29.4241,-98.4936,99.79,43,40,5.75,scattered clouds
350,Serra Talhada,BR,2021-08-26 22:26:13,-7.9919,-38.2983,78.51,48,17,16.91,few clouds
351,Namatanai,PG,2021-08-26 22:26:13,-3.6667,152.4333,81.75,76,98,6.35,light rain
352,Aykhal,RU,2021-08-26 22:26:14,66.0,111.5,35.96,95,100,17.11,overcast clouds
353,Kaiyuan,CN,2021-08-26 22:26:14,23.6977,103.3037,63.18,95,99,2.86,overcast clouds
354,Makakilo City,US,2021-08-26 22:26:15,21.3469,-158.0858,86.32,53,75,12.66,broken clouds
355,Champerico,GT,2021-08-26 22:26:15,14.3,-91.9167,82.35,73,93,10.33,overcast clouds
356,Harlingen,US,2021-08-26 22:22:49,26.1906,-97.6961,93.25,54,20,12.66,few clouds
357,Bubaque,GW,2021-08-26 22:26:16,11.2833,-15.8333,78.15,85,100,12.91,light rain
358,Taoudenni,ML,2021-08-26 22:26:16,22.6783,-3.9836,88.27,37,99,21.74,overcast clouds
359,Ibra,OM,2021-08-26 22:26:16,22.6906,58.5334,85.19,52,53,2.95,broken clouds
360,Vostok,RU,2021-08-26 22:26:17,46.4856,135.8833,61.29,93,53,3.06,light rain
361,Banda Aceh,ID,2021-08-26 22:26:17,5.5577,95.3222,77.99,82,95,7.14,overcast clouds
362,Kasungu,MW,2021-08-26 22:26:18,-13.0333,33.4833,63.57,50,6,5.82,clear sky
363,Duldurga,RU,2021-08-26 22:26:18,50.6761,113.5931,52.54,90,100,6.15,overcast clouds
364,Lypova Dolyna,UA,2021-08-26 22:26:19,50.5643,33.7979,61.21,97,100,7.38,light rain
365,Moron,AR,2021-08-26 22:26:13,-34.6534,-58.6198,64.98,27,2,5.01,clear sky
366,Bay Roberts,CA,2021-08-26 22:26:19,47.5999,-53.2648,59.04,86,0,1.99,clear sky
367,Boyolangu,ID,2021-08-26 22:26:20,-8.1181,111.8935,69.73,91,33,1.97,scattered clouds
368,Vavuniya,LK,2021-08-26 22:26:20,8.7514,80.4971,78.1,81,61,9.19,broken clouds
369,Uruzgan,AF,2021-08-26 22:26:20,32.8333,66.0,69.4,16,0,4.63,clear sky
370,Bilibino,RU,2021-08-26 22:26:21,68.0546,166.4372,47.3,64,92,2.84,overcast clouds
371,Talaya,RU,2021-08-26 22:26:21,61.3833,152.75,55.51,86,100,8.46,light rain
372,Lerwick,GB,2021-08-26 22:26:22,60.1545,-1.1494,53.6,91,6,11.25,clear sky
373,Udachnyy,RU,2021-08-26 22:26:22,66.4167,112.4,37.87,88,100,13.44,overcast clouds
374,Liberal,US,2021-08-26 22:23:43,37.0431,-100.921,100.15,22,1,19.57,clear sky
375,Auburn,US,2021-08-26 22:21:24,47.3073,-122.2284,73.71,67,90,3.0,light rain
376,Smithers,CA,2021-08-26 22:26:23,54.7804,-127.1743,59.32,82,75,2.3,light intensity shower rain
377,Turukhansk,RU,2021-08-26 22:26:23,65.8167,87.9833,57.27,72,97,19.3,moderate rain
378,Warrington,GB,2021-08-26 22:26:24,53.3925,-2.5802,58.26,78,0,6.91,clear sky
379,Rabo De Peixe,PT,2021-08-26 22:26:24,37.8,-25.5833,63.91,72,20,6.91,few clouds
380,Talnakh,RU,2021-08-26 22:26:24,69.4865,88.3972,44.83,94,100,9.84,moderate rain
381,Yabelo,ET,2021-08-26 22:26:25,4.8833,38.0833,61.83,54,32,6.33,scattered clouds
382,Plettenberg Bay,ZA,2021-08-26 22:26:25,-34.0527,23.3716,56.82,85,9,15.79,light rain
383,Filingue,NE,2021-08-26 22:26:26,14.3521,3.3168,82.42,58,70,5.5,broken clouds
384,Aklavik,CA,2021-08-26 22:26:26,68.2191,-135.0107,68.83,55,75,3.44,broken clouds
385,Dalhousie,IN,2021-08-26 22:26:27,32.5333,75.9833,60.76,79,57,3.69,broken clouds
386,Trinidad,BO,2021-08-26 22:26:27,-14.8333,-64.9,80.17,34,8,6.71,clear sky
387,Lovozero,RU,2021-08-26 22:26:27,68.005,35.0117,42.58,76,47,4.74,scattered clouds
388,Antananarivo,MG,2021-08-26 22:26:28,-18.9137,47.5361,57.16,82,75,6.91,broken clouds
389,Flinders,AU,2021-08-26 22:26:28,-34.5833,150.8552,55.18,76,79,1.99,broken clouds
390,Benguela,AO,2021-08-26 22:26:29,-12.5763,13.4055,70.02,83,76,1.74,broken clouds
391,Bilma,NE,2021-08-26 22:26:29,18.6853,12.9164,93.85,24,90,9.44,overcast clouds
392,Ninghai,CN,2021-08-26 22:26:29,29.2892,121.4247,80.28,95,75,4.23,broken clouds
393,San Juan,AR,2021-08-26 22:26:30,-31.5375,-68.5364,67.26,12,2,12.91,clear sky
394,Gat,IL,2021-08-26 22:26:30,31.61,34.7642,81.28,81,0,3.76,clear sky
395,Bombay,IN,2021-08-26 22:23:45,19.0144,72.8479,80.58,94,75,4.61,haze
396,Awjilah,LY,2021-08-26 22:26:31,29.1081,21.2869,81.88,41,0,11.54,clear sky
397,Huarmey,PE,2021-08-26 22:26:31,-10.0681,-78.1522,65.08,79,28,12.77,scattered clouds
398,Iquitos,PE,2021-08-26 22:26:32,-3.7481,-73.2472,86.04,66,75,6.91,heavy intensity rain
399,Jaguaribe,BR,2021-08-26 22:26:32,-5.8906,-38.6219,86.59,35,12,7.43,few clouds
400,Taman,RU,2021-08-26 22:26:32,45.2117,36.7161,68.32,71,51,11.74,broken clouds
401,Jaguaruna,BR,2021-08-26 22:26:33,-28.615,-49.0256,59.16,77,100,10.45,overcast clouds
402,Koster,ZA,2021-08-26 22:26:33,-25.863,26.8976,56.89,47,16,5.26,few clouds
403,Bell Ville,AR,2021-08-26 22:26:34,-32.6259,-62.6887,60.67,29,0,8.7,clear sky
404,San Luis,AR,2021-08-26 22:24:57,-33.295,-66.3356,58.96,20,20,9.35,few clouds
405,Verkhnevilyuysk,RU,2021-08-26 22:26:34,63.4453,120.3167,46.85,83,100,10.69,overcast clouds
406,Upata,VE,2021-08-26 22:26:35,8.0086,-62.3989,74.95,92,55,4.09,broken clouds
407,Ust-Nera,RU,2021-08-26 22:26:35,64.5667,143.2,54.14,81,99,6.91,overcast clouds
408,Chengde,CN,2021-08-26 22:26:35,40.9725,117.9361,55.36,87,1,3.24,clear sky
409,Chingola,ZM,2021-08-26 22:26:36,-12.529,27.8838,66.04,35,24,5.61,few clouds
410,Innisfail,AU,2021-08-26 22:26:36,-17.5333,146.0333,71.94,84,94,4.5,overcast clouds
411,Chihuahua,MX,2021-08-26 22:22:29,28.5,-106.0,86.83,33,34,10.67,scattered clouds
412,Saint-Augustin,CA,2021-08-26 22:26:37,51.226,-58.6502,60.39,80,100,5.93,overcast clouds
413,Takaka,NZ,2021-08-26 22:26:37,-40.85,172.8,56.97,98,100,8.86,overcast clouds
414,Saldanha,ZA,2021-08-26 22:26:37,-33.0117,17.9442,50.05,81,100,10.18,moderate rain
415,Lensk,RU,2021-08-26 22:26:38,60.7253,114.9278,50.2,84,100,6.02,overcast clouds
416,Mount Isa,AU,2021-08-26 22:26:38,-20.7333,139.5,58.77,23,0,5.75,clear sky
417,Douglas,US,2021-08-26 22:26:39,41.3,-96.167,93.07,60,1,16.11,clear sky
418,Rudbar,AF,2021-08-26 22:26:39,30.15,62.6,80.89,17,0,8.88,clear sky
419,Alta Floresta,BR,2021-08-26 22:26:39,-9.8756,-56.0861,89.83,24,99,3.11,overcast clouds
420,Xinxiang,CN,2021-08-26 22:26:40,35.3089,113.8672,63.72,84,77,5.88,light rain
421,Vestmannaeyjar,IS,2021-08-26 22:26:40,63.4427,-20.2734,55.24,97,99,20.49,overcast clouds
422,Jiayuguan,CN,2021-08-26 22:26:41,39.8167,98.3,58.26,38,89,7.07,overcast clouds
423,Baherden,TM,2021-08-26 22:26:41,38.4362,57.4316,83.43,26,0,5.41,clear sky
424,Palmerston,AU,2021-08-26 22:26:03,-12.486,130.9833,73.89,89,0,3.44,clear sky
425,Tallahassee,US,2021-08-26 22:24:22,30.4383,-84.2807,89.69,84,75,1.99,broken clouds
426,Luderitz,NA,2021-08-26 22:26:42,-26.6481,15.1594,54.34,85,0,8.21,clear sky
427,Tolaga Bay,NZ,2021-08-26 22:26:42,-38.3667,178.3,57.31,60,98,4.88,overcast clouds
428,Kalawit,PH,2021-08-26 22:26:42,8.0667,122.5167,76.86,89,100,4.09,overcast clouds
429,Halifax,CA,2021-08-26 22:25:56,44.6453,-63.5724,82.42,72,1,1.01,clear sky
430,Sao Felix Do Xingu,BR,2021-08-26 22:26:43,-6.6447,-51.995,86.05,39,100,1.52,overcast clouds
431,Hella,NO,2021-08-26 22:26:43,67.2,14.4333,48.88,88,0,11.5,clear sky
432,La Rioja,ES,2021-08-26 22:23:41,42.25,-2.5,68.04,55,8,5.5,clear sky
433,Roma,US,2021-08-26 22:26:44,43.2128,-75.4557,87.94,55,1,8.05,clear sky
434,Sarab,IR,2021-08-26 22:26:45,38.6066,44.9883,74.28,40,0,2.17,clear sky
435,Meulaboh,ID,2021-08-26 22:26:45,4.1363,96.1285,75.7,90,100,4.03,overcast clouds
436,Etchoropo,MX,2021-08-26 22:26:45,26.7667,-109.6667,102.42,43,4,13.27,clear sky
437,Belmonte,BR,2021-08-26 22:26:46,-15.8631,-38.8828,73.9,84,1,7.63,clear sky
438,Trenggalek,ID,2021-08-26 22:26:46,-8.05,111.7167,69.78,94,47,2.1,scattered clouds
439,Vila,PT,2021-08-26 22:26:47,42.0304,-8.1588,61.7,80,37,0.98,scattered clouds
440,Inirida,CO,2021-08-26 22:26:47,3.8653,-67.9239,79.52,82,99,3.71,overcast clouds
441,San Quintin,MX,2021-08-26 22:26:47,30.4833,-115.95,81.21,57,23,19.17,few clouds
442,Sangmelima,CM,2021-08-26 22:26:48,2.9333,11.9833,68.16,98,46,3.76,scattered clouds
443,Lagos,NG,2021-08-26 22:25:54,6.5833,3.75,79.12,93,100,3.24,light rain
444,Cayenne,GF,2021-08-26 22:26:48,4.9333,-52.3333,83.08,80,43,1.14,scattered clouds
445,Leona Vicario,MX,2021-08-26 22:26:49,20.9667,-87.1917,85.87,55,72,7.76,broken clouds
446,Grandview,US,2021-08-26 22:25:00,38.8858,-94.533,95.83,56,20,1.99,few clouds
447,Chiang Khong,TH,2021-08-26 22:26:49,20.2613,100.4046,77.32,100,97,1.3,overcast clouds
448,Stokmarknes,NO,2021-08-26 22:26:50,68.5646,14.9108,51.39,77,19,8.79,few clouds
449,Aginskoye,RU,2021-08-26 22:26:50,51.1,114.53,53.15,89,100,8.23,overcast clouds
450,Hirara,JP,2021-08-26 22:26:51,24.8,125.2833,80.87,94,40,4.61,scattered clouds
451,Norman Wells,CA,2021-08-26 22:26:51,65.282,-126.8329,69.84,52,40,8.05,scattered clouds
452,Mangan,IN,2021-08-26 22:26:51,27.5167,88.5333,75.6,93,100,1.1,overcast clouds
453,Evensk,RU,2021-08-26 22:26:52,61.95,159.2333,48.94,99,100,6.44,light rain
454,Belm,DE,2021-08-26 22:26:52,52.3,8.1333,56.32,88,16,6.89,few clouds
455,Komatipoort,ZA,2021-08-26 22:26:53,-25.4332,31.9548,72.77,41,0,4.74,clear sky
456,Novyy Urgal,RU,2021-08-26 22:26:53,51.0736,132.5642,61.0,94,100,0.96,light rain
457,Inhambane,MZ,2021-08-26 22:26:53,-23.865,35.3833,69.17,90,0,9.4,clear sky
458,Aleksandrovskiy Zavod,RU,2021-08-26 22:26:54,50.9237,117.9374,52.52,98,100,7.27,overcast clouds
459,Buenavista,PH,2021-08-26 22:26:54,8.9769,125.4089,74.43,91,100,4.14,overcast clouds
460,Husavik,IS,2021-08-26 22:26:55,66.0449,-17.3389,57.11,83,91,3.94,overcast clouds
461,Balikpapan,ID,2021-08-26 22:26:55,-1.2675,116.8289,74.39,100,40,3.44,scattered clouds
462,Kabo,CF,2021-08-26 22:26:55,7.6994,18.629,72.61,93,98,0.76,overcast clouds
463,Kavaratti,IN,2021-08-26 22:26:56,10.5669,72.642,78.51,88,100,25.39,moderate rain
464,Berdigestyakh,RU,2021-08-26 22:26:56,62.0989,126.6992,48.78,94,68,7.63,broken clouds
465,Guider,CM,2021-08-26 22:26:56,9.9342,13.9486,76.21,80,33,3.06,scattered clouds
466,Luanda,AO,2021-08-26 22:26:57,-8.8368,13.2343,69.8,100,75,4.61,broken clouds
467,Kieta,PG,2021-08-26 22:26:57,-6.2167,155.6333,81.09,83,98,7.2,light rain
468,Kushima,JP,2021-08-26 22:26:58,31.4583,131.2333,82.44,89,98,4.61,overcast clouds
469,Matara,LK,2021-08-26 22:26:58,5.9485,80.5353,78.28,86,100,13.4,overcast clouds
470,Moctezuma,MX,2021-08-26 22:26:58,29.8,-109.6667,103.55,16,1,0.51,clear sky
471,Oparino,RU,2021-08-26 22:26:59,59.8518,48.2783,45.5,83,81,4.05,broken clouds
472,Storforshei,NO,2021-08-26 22:26:59,66.4043,14.5233,47.66,79,98,4.5,overcast clouds
473,Chegdomyn,RU,2021-08-26 22:27:00,51.1167,133.0167,61.61,93,100,1.32,overcast clouds
474,Port Moresby,PG,2021-08-26 22:24:40,-9.4431,147.1797,81.82,78,75,11.5,broken clouds
475,Port-Gentil,GA,2021-08-26 22:27:00,-0.7193,8.7815,76.96,83,75,11.5,broken clouds
476,Bethel,US,2021-08-26 22:27:01,41.3712,-73.414,89.82,71,1,4.61,clear sky
477,Andenes,NO,2021-08-26 22:27:01,69.3143,16.1194,50.47,76,75,4.61,broken clouds
478,Zainsk,RU,2021-08-26 22:27:01,55.3195,52.0694,52.79,72,11,6.33,few clouds
479,Artyom,AZ,2021-08-26 22:27:02,40.4723,50.333,73.54,71,5,11.5,clear sky
480,Japura,ID,2021-08-26 22:27:02,-0.3167,102.35,72.14,98,28,2.66,scattered clouds
481,Wuwei,CN,2021-08-26 22:27:03,37.9281,102.6414,61.68,31,92,6.31,overcast clouds
482,Abu Samrah,SY,2021-08-26 22:27:03,35.3029,37.1841,82.08,34,0,5.39,clear sky
483,Vernon,CA,2021-08-26 22:26:33,50.2581,-119.2691,75.76,35,100,4.0,overcast clouds
484,Ambon,ID,2021-08-26 22:27:04,-3.6954,128.1814,77.14,88,40,6.91,scattered clouds
485,Kungurtug,RU,2021-08-26 22:27:04,50.5994,97.5228,38.03,88,10,2.48,clear sky
486,Agogo,GH,2021-08-26 22:27:05,6.8,-1.0819,70.45,93,79,2.55,broken clouds
487,Manjakandriana,MG,2021-08-26 22:27:05,-18.9167,47.8,55.09,90,91,7.52,overcast clouds
488,Polunochnoye,RU,2021-08-26 22:27:05,60.8697,60.4153,44.8,90,40,4.09,scattered clouds
489,Shenjiamen,CN,2021-08-26 22:27:06,29.9576,122.298,80.31,87,100,20.76,overcast clouds
490,Wanning,CN,2021-08-26 22:27:06,18.8003,110.3967,79.39,86,43,1.39,scattered clouds
491,Dingle,PH,2021-08-26 22:27:07,10.9995,122.6711,73.72,92,73,5.82,light rain
492,Aksarka,RU,2021-08-26 22:27:07,66.5606,67.7975,43.32,91,100,13.47,light rain
493,Te Anau,NZ,2021-08-26 22:27:07,-45.4167,167.7167,44.26,97,100,2.33,overcast clouds
494,Zhanaozen,KZ,2021-08-26 22:27:08,43.3,52.8,76.01,40,33,9.28,scattered clouds
495,Rafaela,AR,2021-08-26 22:27:08,-31.2503,-61.4867,62.98,21,0,1.99,clear sky
496,Hermosillo,MX,2021-08-26 22:27:09,29.0667,-110.9667,110.21,28,1,8.99,clear sky
497,Labuan,MY,2021-08-26 22:27:09,5.2767,115.2417,75.36,94,40,0.0,scattered clouds
498,Portland,US,2021-08-26 22:15:08,45.5234,-122.6762,80.26,58,75,1.99,broken clouds
499,Skjervoy,NO,2021-08-26 22:27:10,70.0311,20.9714,52.32,64,73,4.14,broken clouds
500,Lander,US,2021-08-26 22:22:14,42.833,-108.7307,85.01,12,1,18.41,clear sky
501,Waddan,LY,2021-08-26 22:27:10,29.1614,16.139,83.64,19,0,7.9,clear sky
502,Carahue,CL,2021-08-26 22:27:11,-38.7,-73.1667,48.4,82,98,1.63,overcast clouds
503,Caravelas,BR,2021-08-26 22:27:11,-17.7125,-39.2481,73.26,81,1,8.3,clear sky
504,La Ronge,CA,2021-08-26 22:27:11,55.1001,-105.2842,66.45,42,75,13.8,broken clouds
505,Faranah,GN,2021-08-26 22:27:12,10.0404,-10.7434,71.49,97,94,4.79,moderate rain
506,Chapayevka,UA,2021-08-26 22:27:12,47.4711,36.3451,69.17,73,54,6.69,broken clouds
507,Yerbogachen,RU,2021-08-26 22:27:13,61.2767,108.0108,42.8,90,79,2.66,broken clouds
508,Chodavaram,IN,2021-08-26 22:27:13,17.8333,82.95,78.64,69,100,2.98,moderate rain
509,Sinnamary,GF,2021-08-26 22:27:14,5.3833,-52.95,79.7,80,47,4.72,scattered clouds
510,Broken Hill,AU,2021-08-26 22:27:14,-31.95,141.4333,46.11,61,10,6.91,clear sky
511,Doha,QA,2021-08-26 22:27:14,25.2867,51.5333,93.18,68,0,1.14,clear sky
512,Madanapalle,IN,2021-08-26 22:27:15,13.55,78.5,76.6,71,100,3.71,overcast clouds
513,Chizhou,CN,2021-08-26 22:27:16,30.6578,117.4831,68.68,91,100,2.35,overcast clouds
514,Karasjok,NO,2021-08-26 22:27:16,69.4719,25.5112,41.11,75,98,8.79,overcast clouds
515,Ukiah,US,2021-08-26 22:27:16,39.1502,-123.2078,99.12,20,1,13.8,clear sky
516,Manjeshwar,IN,2021-08-26 22:27:17,12.7194,74.8861,77.95,88,100,0.87,overcast clouds
517,Knysna,ZA,2021-08-26 22:27:17,-34.0363,23.0471,50.38,89,23,14.9,light rain
518,Scarborough,GB,2021-08-26 22:26:03,54.2797,-0.4044,56.86,86,42,3.0,scattered clouds
519,Buluang,PH,2021-08-26 22:27:18,13.3068,123.3425,76.14,91,88,2.98,overcast clouds
520,Touros,BR,2021-08-26 22:27:18,-5.1989,-35.4608,77.9,78,0,17.05,clear sky
521,Miles City,US,2021-08-26 22:27:18,46.4083,-105.8406,84.51,39,1,11.5,clear sky
522,Alice Springs,AU,2021-08-26 22:27:19,-23.7,133.8833,45.95,34,4,0.0,clear sky
523,Koumra,TD,2021-08-26 22:27:19,8.9126,17.5539,76.01,81,100,1.72,overcast clouds
524,Cuamba,MZ,2021-08-26 22:27:20,-14.8031,36.5372,70.9,33,0,3.24,clear sky
525,Merauke,ID,2021-08-26 22:27:20,-8.4667,140.3333,76.78,90,91,10.8,overcast clouds
526,Chulman,RU,2021-08-26 22:27:20,56.8479,124.9104,48.2,93,100,3.69,overcast clouds
527,Maumere,ID,2021-08-26 22:27:21,-8.6199,122.2111,77.18,81,10,4.29,clear sky
528,Dauriya,RU,2021-08-26 22:27:21,49.9333,116.8667,54.25,88,100,10.96,overcast clouds
529,Denpasar,ID,2021-08-26 22:25:43,-8.65,115.2167,76.66,94,20,1.14,few clouds
530,Saint Paul,US,2021-08-26 22:27:22,44.9444,-93.0933,72.46,83,75,11.5,haze
531,Grindavik,IS,2021-08-26 22:27:22,63.8424,-22.4338,57.15,100,90,24.16,overcast clouds
532,Loudi,CN,2021-08-26 22:27:23,27.7344,111.9944,69.03,96,100,2.33,overcast clouds
533,Shipunovo,RU,2021-08-26 22:27:23,52.1582,82.2173,57.58,66,11,10.83,few clouds
534,Shumskiy,RU,2021-08-26 22:27:23,54.8318,99.1328,46.09,79,9,3.29,clear sky
535,Tessalit,ML,2021-08-26 22:27:24,20.1986,1.0114,90.61,30,66,5.99,broken clouds
536,Comodoro Rivadavia,AR,2021-08-26 22:27:24,-45.8667,-67.5,44.46,61,20,10.36,few clouds
537,Dongsheng,CN,2021-08-26 22:27:25,39.8161,109.9776,53.67,62,6,4.56,clear sky
538,Matay,EG,2021-08-26 22:27:25,28.419,30.7792,83.21,48,0,18.37,clear sky
539,Sistranda,NO,2021-08-26 22:27:26,63.7256,8.834,54.9,74,69,20.51,broken clouds
540,Severo-Yeniseyskiy,RU,2021-08-26 22:27:26,60.3725,93.0408,47.59,68,7,2.57,clear sky
541,Usa River,TZ,2021-08-26 22:25:21,-3.3667,36.85,59.5,58,0,2.04,clear sky
542,Autun,FR,2021-08-26 22:27:27,46.95,4.3,61.5,89,9,4.83,clear sky
543,Luancheng,CN,2021-08-26 22:27:27,37.8792,114.6517,64.56,87,0,1.81,light rain
544,Lazarev,RU,2021-08-26 22:27:27,52.225,141.5131,60.78,97,100,8.57,overcast clouds
545,Mackenzie,CA,2021-08-26 22:27:28,55.2999,-123.1698,57.42,94,90,2.3,overcast clouds
546,Olinda,BR,2021-08-26 22:27:28,-8.0089,-34.8553,76.73,65,75,12.66,broken clouds
547,Ajdabiya,LY,2021-08-26 22:27:29,30.7554,20.2263,80.37,58,0,8.63,clear sky
548,Kiama,AU,2021-08-26 22:27:29,-34.6833,150.8667,55.38,76,92,10.38,overcast clouds
549,Ekuvukeni,ZA,2021-08-26 22:27:29,-28.4675,30.1551,62.31,53,22,3.47,few clouds
550,Adrar,MR,2021-08-26 22:27:30,20.5022,-10.0711,96.24,13,35,11.01,scattered clouds
551,Emba,KZ,2021-08-26 22:27:30,48.8264,58.1442,77.43,29,10,7.58,clear sky
552,Labytnangi,RU,2021-08-26 22:27:31,66.6572,66.4183,43.95,86,100,10.4,overcast clouds
553,Mirnyy,RU,2021-08-26 22:27:31,62.5353,113.9611,44.83,81,93,11.07,overcast clouds
554,Alindao,CF,2021-08-26 22:27:31,5.0267,21.2088,70.86,97,100,0.78,overcast clouds
555,Petropavlovsk-Kamchatskiy,RU,2021-08-26 22:27:32,53.0452,158.6483,59.59,72,0,4.47,clear sky
556,Yanam,IN,2021-08-26 22:27:32,16.7333,82.2167,80.33,81,100,5.19,overcast clouds
557,Lang Son,VN,2021-08-26 22:27:33,21.8333,106.7333,73.47,95,81,0.76,broken clouds
558,Alhama De Murcia,ES,2021-08-26 22:27:33,37.851,-1.4251,77.2,50,0,5.01,clear sky
559,Gillette,US,2021-08-26 22:25:58,44.2911,-105.5022,85.24,31,40,4.0,scattered clouds
560,Bull Savanna,JM,2021-08-26 22:27:34,17.8868,-77.5902,75.56,89,100,20.22,moderate rain
561,Starychi,UA,2021-08-26 22:27:34,49.98,23.5585,55.89,78,100,4.09,overcast clouds
562,Auki,SB,2021-08-26 22:27:34,-8.7676,160.7034,82.17,72,8,4.88,clear sky
563,Surin,TH,2021-08-26 22:27:35,14.8818,103.4936,75.58,91,97,6.73,overcast clouds
564,Humberto De Campos,BR,2021-08-26 22:27:35,-2.5983,-43.4611,77.74,83,58,7.09,broken clouds
565,Ushtobe,KZ,2021-08-26 22:27:36,45.2514,77.9838,68.32,21,1,6.33,clear sky
566,Seydi,TM,2021-08-26 22:27:36,39.4816,62.9137,80.62,24,0,7.81,clear sky
567,Lake City,US,2021-08-26 22:27:36,30.1897,-82.6393,81.75,58,83,9.06,broken clouds
568,Raesfeld,DE,2021-08-26 22:27:37,51.7667,6.85,57.51,89,3,7.94,clear sky
569,Zhigansk,RU,2021-08-26 22:27:37,66.7697,123.3711,39.43,96,99,18.25,light rain
570,Chateaubelair,VC,2021-08-26 22:27:37,13.2833,-61.25,83.01,78,20,8.05,few clouds
571,Gacko,BA,2021-08-26 22:27:38,43.1672,18.5353,57.33,94,0,3.65,clear sky
572,Cerknica,SI,2021-08-26 22:27:38,45.7931,14.3625,61.81,97,54,6.6,moderate rain
573,Kinshasa,CD,2021-08-26 22:27:39,-4.3246,15.3215,79.18,69,40,11.5,light rain
574,Osorio,BR,2021-08-26 22:27:39,-29.8867,-50.2697,57.16,93,94,2.71,overcast clouds
575,Camacha,PT,2021-08-26 22:27:40,33.0833,-16.3333,71.02,83,20,3.44,few clouds
576,Smirnykh,RU,2021-08-26 22:27:40,49.75,142.8333,64.38,82,100,1.34,moderate rain
577,Tuatapere,NZ,2021-08-26 22:27:40,-46.1333,167.6833,43.83,92,100,3.62,overcast clouds
