City_ID,City,Country,Date,Lat,Lng,Max Temp,Humidity,Cloudiness,Wind Speed
0,Saldanha,ZA,2020-08-04 06:13:17,-33.01,17.94,53.6,81,82,8.05
1,Dolinsk,RU,2020-08-04 06:13:18,47.35,142.8,59.0,93,75,17.9
2,Punta Arenas,CL,2020-08-04 06:13:19,-53.15,-70.92,39.2,64,55,12.75
3,Saint-Joseph,RE,2020-08-04 06:13:20,-21.37,55.62,71.01,68,40,27.51
4,Charlestown,AU,2020-08-04 06:10:04,-32.95,151.67,73.0,36,16,3.0
5,Dikson,RU,2020-08-04 06:13:21,73.51,80.55,45.16,98,100,18.01
6,Mahebourg,MU,2020-08-04 06:09:31,-20.41,57.7,69.8,64,75,13.87
7,Yellowknife,CA,2020-08-04 06:13:21,62.46,-114.35,69.01,88,75,6.93
8,Sarangani,PH,2020-08-04 06:13:22,5.4,125.46,82.2,77,100,6.76
9,Placerville,US,2020-08-04 06:13:22,38.73,-120.8,72.0,40,1,5.82
10,New Norfolk,AU,2020-08-04 06:10:20,-42.78,147.06,42.01,88,82,8.01
11,Vaini,TO,2020-08-04 06:09:45,-21.2,-175.2,73.4,88,40,5.82
12,Albany,US,2020-08-04 06:13:24,42.6,-73.97,72.0,69,100,3.83
13,Njeru,UG,2020-08-04 06:13:24,0.42,33.17,70.92,63,93,2.71
14,Guerrero Negro,MX,2020-08-04 06:13:25,27.98,-114.06,70.27,80,0,9.37
15,Edd,ER,2020-08-04 06:13:25,13.93,41.69,85.3,63,100,5.93
16,Faanui,PF,2020-08-04 06:13:26,-16.48,-151.75,78.26,75,3,8.97
17,Urumqi,CN,2020-08-04 06:09:26,43.8,87.6,84.2,35,96,6.71
18,Georgetown,MY,2020-08-04 06:09:13,5.41,100.34,89.6,74,20,8.05
19,Kapaa,US,2020-08-04 06:13:27,22.08,-159.32,78.8,74,75,17.22
20,Wuwei,CN,2020-08-04 06:10:13,37.93,102.64,90.21,29,31,16.11
21,Cherskiy,RU,2020-08-04 06:09:12,68.75,161.3,47.46,72,100,8.97
22,Amuntai,ID,2020-08-04 06:13:28,-2.42,115.25,77.23,93,100,0.56
23,Saint-Philippe,RE,2020-08-04 06:13:29,-21.36,55.77,71.01,68,40,27.51
24,Busselton,AU,2020-08-04 06:13:29,-33.65,115.33,57.99,97,51,18.28
25,Rikitea,PF,2020-08-04 06:13:30,-23.12,-134.97,73.11,87,67,14.45
26,Vila Do Maio,CV,2020-08-04 06:13:30,15.13,-23.22,78.8,78,20,9.17
27,Cabo San Lucas,MX,2020-08-04 06:13:31,22.89,-109.91,86.0,58,5,17.22
28,Bandarbeyla,SO,2020-08-04 06:13:32,9.49,50.81,87.71,43,11,33.4
29,Hofn,IS,2020-08-04 06:13:33,64.25,-15.21,49.15,90,100,4.65
30,Upernavik,GL,2020-08-04 06:13:33,72.79,-56.15,41.67,85,100,11.95
31,Saquisili,EC,2020-08-04 06:13:34,-0.83,-78.67,43.0,87,81,7.99
32,Carnarvon,AU,2020-08-04 06:09:45,-24.87,113.63,62.6,100,75,18.34
33,Noumea,NC,2020-08-04 06:08:54,-22.28,166.46,71.6,56,90,6.93
34,Xining,CN,2020-08-04 06:10:17,36.62,101.77,75.99,52,96,4.81
35,Atuona,PF,2020-08-04 06:09:45,-9.8,-139.03,78.58,78,2,15.79
36,Arraial Do Cabo,BR,2020-08-04 06:13:36,-22.97,-42.03,68.32,71,12,7.92
37,Mount Isa,AU,2020-08-04 06:13:37,-20.73,139.5,86.0,12,0,5.82
38,Victoria,HK,2020-08-04 06:13:18,22.29,114.16,87.01,74,40,10.29
39,Yabrud,SY,2020-08-04 06:13:38,33.97,36.66,80.6,57,40,23.04
40,Qaanaaq,GL,2020-08-04 06:13:39,77.48,-69.36,25.09,93,9,1.97
41,Dhidhdhoo,MV,2020-08-04 06:09:21,6.88,73.1,82.76,78,100,19.75
42,Tocopilla,CL,2020-08-04 06:13:40,-22.09,-70.2,55.49,71,14,0.38
43,Olafsvik,IS,2020-08-04 06:08:59,64.89,-23.71,48.38,88,99,6.2
44,Mataura,NZ,2020-08-04 06:13:40,-46.19,168.86,49.57,73,89,2.44
45,Maragogi,BR,2020-08-04 06:13:41,-9.01,-35.22,71.91,83,2,12.84
46,Sinnamary,GF,2020-08-04 06:13:41,5.38,-52.95,77.65,82,31,6.51
47,Cape Town,ZA,2020-08-04 06:13:42,-33.93,18.42,53.01,81,75,5.82
48,Port Alfred,ZA,2020-08-04 06:13:42,-33.59,26.89,60.21,76,39,16.55
49,Kitahiroshima,JP,2020-08-04 06:13:43,42.98,141.57,82.99,4,100,5.99
50,Yambio,SS,2020-08-04 06:13:43,4.57,28.4,69.3,95,100,1.3
51,Bredasdorp,ZA,2020-08-04 06:13:44,-34.53,20.04,51.8,87,99,8.05
52,Nome,US,2020-08-04 06:13:44,64.5,-165.41,55.99,71,40,3.36
53,La Ronge,CA,2020-08-04 06:09:39,55.1,-105.28,69.8,64,20,9.17
54,Ballina,AU,2020-08-04 06:13:45,-28.87,153.57,73.0,46,75,10.29
55,Nagornskiy,RU,2020-08-04 06:13:45,58.77,57.55,57.99,90,100,1.99
56,Placido De Castro,BR,2020-08-04 06:13:46,-10.34,-67.19,70.75,56,3,1.07
57,Taoudenni,ML,2020-08-04 06:13:46,22.68,-3.98,97.29,10,0,8.25
58,Culebra,PR,2020-08-04 06:13:47,18.3,-65.3,82.4,83,20,6.93
59,Kasba,IN,2020-08-04 06:10:42,25.85,87.55,99.07,43,38,5.1
60,Hobart,AU,2020-08-04 06:13:36,-42.88,147.33,42.01,93,90,11.41
61,Isangel,VU,2020-08-04 06:13:48,-19.55,169.27,75.2,64,20,8.05
62,Glens Falls,US,2020-08-04 06:13:49,43.31,-73.64,68.0,96,98,3.27
63,Ushuaia,AR,2020-08-04 06:09:44,-54.8,-68.3,44.6,45,20,5.82
64,East London,ZA,2020-08-04 06:13:50,-33.02,27.91,59.0,77,9,13.87
65,Chumikan,RU,2020-08-04 06:09:15,54.72,135.31,56.93,73,89,14.45
66,Namibe,AO,2020-08-04 06:13:50,-15.2,12.15,63.79,88,0,3.91
67,Srednekolymsk,RU,2020-08-04 06:13:51,67.45,153.68,60.93,45,85,8.41
68,Nyrob,RU,2020-08-04 06:13:51,60.73,56.72,66.0,53,100,4.61
69,Rocha,UY,2020-08-04 06:13:52,-34.48,-54.33,56.44,95,5,6.55
70,Husavik,IS,2020-08-04 06:13:52,66.04,-17.34,48.2,93,90,4.7
71,Luanda,AO,2020-08-04 06:13:53,-8.84,13.23,71.6,88,75,4.7
72,Kodiak,US,2020-08-04 06:13:53,57.79,-152.41,55.4,87,90,19.46
73,Yima,CN,2020-08-04 06:12:47,34.74,111.88,96.01,99,94,8.77
74,Ribeira Grande,PT,2020-08-04 06:13:54,38.52,-28.7,72.73,87,8,16.78
75,Hilo,US,2020-08-04 06:09:44,19.73,-155.09,78.8,65,75,12.75
76,Bafoulabe,ML,2020-08-04 06:13:55,13.81,-10.83,75.34,89,84,5.3
77,Raudeberg,NO,2020-08-04 06:13:55,61.99,5.14,54.0,93,40,19.46
78,Provideniya,RU,2020-08-04 06:09:12,64.38,-173.3,50.0,71,90,11.18
79,Juneau,US,2020-08-04 06:13:56,58.3,-134.42,57.0,93,90,12.75
80,Deputatskiy,RU,2020-08-04 06:13:57,69.3,139.9,55.9,52,66,8.7
81,Portland,US,2020-08-04 06:13:57,45.52,-122.68,72.0,64,1,9.17
82,Ternate,ID,2020-08-04 06:12:35,0.8,127.4,81.99,76,85,5.1
83,Havoysund,NO,2020-08-04 06:13:58,71.0,24.66,57.2,76,62,4.7
84,Barrow,US,2020-08-04 06:13:59,71.29,-156.79,35.6,80,90,8.05
85,Auburn,US,2020-08-04 06:14:00,47.31,-122.23,69.8,64,20,9.17
86,Kalevala,RU,2020-08-04 06:09:11,65.2,31.17,58.24,89,91,3.91
87,Khatanga,RU,2020-08-04 06:09:11,71.97,102.5,78.93,42,24,6.15
88,Bluff,NZ,2020-08-04 06:14:01,-46.6,168.33,49.48,90,99,8.25
89,Santa Barbara,US,2020-08-04 06:14:02,34.42,-119.7,66.99,93,1,4.7
90,Necochea,AR,2020-08-04 06:14:02,-38.55,-58.74,57.99,91,93,5.01
91,Puerto Ayora,EC,2020-08-04 06:14:03,-0.74,-90.35,66.99,99,96,5.01
92,Hermanus,ZA,2020-08-04 06:14:03,-34.42,19.23,52.0,84,99,5.01
93,Quatre Cocos,MU,2020-08-04 06:14:04,-20.21,57.76,71.01,73,75,19.46
94,Constitucion,CL,2020-08-04 06:09:43,-35.33,-72.42,53.01,80,34,3.83
95,Mersin,TR,2020-08-04 06:14:05,36.86,34.65,86.0,79,40,5.82
96,Lebu,CL,2020-08-04 06:14:05,-37.62,-73.65,51.87,96,99,1.43
97,Codrington,AU,2020-08-04 06:14:06,-38.27,141.97,48.0,68,36,19.3
98,Hithadhoo,MV,2020-08-04 06:14:07,-0.6,73.08,82.42,77,100,11.07
99,Mocajuba,BR,2020-08-04 06:14:07,-2.58,-49.51,72.75,91,23,1.9
100,Saskylakh,RU,2020-08-04 06:14:08,71.92,114.08,80.94,35,99,7.58
101,Celestun,MX,2020-08-04 06:14:09,20.87,-90.4,79.45,85,24,10.22
102,Tiksi,RU,2020-08-04 06:14:09,71.69,128.87,47.28,67,0,9.31
103,Sur,OM,2020-08-04 06:14:10,22.57,59.53,99.28,39,59,2.53
104,Minggang,CN,2020-08-04 06:14:10,32.46,114.05,95.67,55,7,5.53
105,Dingle,PH,2020-08-04 06:14:11,11.0,122.67,88.09,69,97,8.37
106,Vao,NC,2020-08-04 06:14:11,-22.67,167.48,68.61,62,99,8.08
107,Itoman,JP,2020-08-04 06:14:11,26.12,127.67,89.6,70,75,18.34
108,Cidreira,BR,2020-08-04 06:14:12,-30.18,-50.21,61.23,79,0,9.26
109,Nova Granada,BR,2020-08-04 06:14:12,-20.53,-49.31,66.2,32,0,8.05
110,Mapiripan,CO,2020-08-04 06:14:13,2.89,-72.13,73.08,86,88,2.8
111,Zelenoborsk,RU,2020-08-04 06:14:13,61.47,64.03,57.36,85,100,5.06
112,Kurilsk,RU,2020-08-04 06:14:14,45.23,147.88,63.03,93,100,10.89
113,Shellbrook,CA,2020-08-04 06:14:14,53.22,-106.4,63.55,78,96,11.65
114,Coahuayana,MX,2020-08-04 06:14:15,18.73,-103.68,78.76,81,98,2.35
115,Moranbah,AU,2020-08-04 06:14:15,-22.0,148.05,74.86,34,23,5.7
116,Ivdel,RU,2020-08-04 06:14:16,60.69,60.42,59.92,75,100,3.91
117,Mar Del Plata,AR,2020-08-04 06:14:16,-38.0,-57.56,55.99,100,90,9.17
118,Chokurdakh,RU,2020-08-04 06:14:17,70.63,147.92,58.98,48,78,10.25
119,Palmer,US,2020-08-04 06:14:17,42.16,-72.33,72.0,88,90,9.17
120,Derzhavinsk,KZ,2020-08-04 06:14:17,51.1,66.32,84.22,39,0,17.72
121,Clyde River,CA,2020-08-04 06:09:34,70.47,-68.59,41.0,100,90,8.05
122,Lata,PT,2020-08-04 06:14:18,40.16,-8.33,63.0,90,69,3.18
123,Bengkulu,ID,2020-08-04 06:11:41,-3.8,102.27,80.64,83,100,6.85
124,Kaitangata,NZ,2020-08-04 06:14:19,-46.28,169.85,51.01,74,86,4.05
125,Nyagan,RU,2020-08-04 06:14:20,62.14,65.39,62.91,61,100,2.62
126,The Valley,AI,2020-08-04 06:12:24,18.22,-63.06,82.4,83,20,8.05
127,Aklavik,CA,2020-08-04 06:14:20,68.22,-135.01,66.2,63,75,8.05
128,Mizdah,LY,2020-08-04 06:14:21,31.45,12.98,84.85,15,0,5.79
129,Solnechnyy,RU,2020-08-04 06:14:21,50.72,136.63,51.39,94,100,8.59
130,Lasa,IT,2020-08-04 06:14:22,46.62,10.7,53.01,100,75,8.05
131,Alvarado,MX,2020-08-04 06:14:22,18.77,-95.77,79.0,77,98,1.01
132,Rabo De Peixe,PT,2020-08-04 06:14:23,37.8,-25.58,69.8,88,40,2.24
133,Coracora,PE,2020-08-04 06:14:23,-15.03,-73.78,48.24,48,0,2.46
134,Novaya Ladoga,RU,2020-08-04 06:14:25,60.1,32.3,62.01,99,100,6.58
135,Terney,RU,2020-08-04 06:14:26,45.05,136.61,70.95,77,69,7.96
136,Praia Da Vitoria,PT,2020-08-04 06:14:26,38.73,-27.07,73.4,83,40,14.29
137,Castro,BR,2020-08-04 06:14:28,-24.79,-50.01,49.68,95,0,3.71
138,Saint-Augustin,CA,2020-08-04 06:14:28,51.23,-58.65,62.31,97,100,0.31
139,Stokmarknes,NO,2020-08-04 06:14:28,68.56,14.91,59.0,82,75,12.75
140,Qaqortoq,GL,2020-08-04 06:14:29,60.72,-46.03,42.8,93,99,4.7
141,La Romana,DO,2020-08-04 06:14:29,18.43,-68.97,80.6,88,40,4.7
142,Port Elizabeth,ZA,2020-08-04 06:14:30,-33.92,25.57,59.0,82,20,16.11
143,Coquimbo,CL,2020-08-04 06:14:31,-29.95,-71.34,51.8,93,0,8.05
144,Pevek,RU,2020-08-04 06:14:31,69.7,170.31,36.54,98,100,10.16
145,Saint-Francois,FR,2020-08-04 06:14:32,46.42,3.91,53.6,87,8,3.36
146,Ostrovskoye,RU,2020-08-04 06:14:32,57.81,42.24,65.08,76,0,4.81
147,Bara,NG,2020-08-04 06:14:32,10.37,10.73,70.43,92,96,5.1
148,Kargasok,RU,2020-08-04 06:14:33,59.06,80.86,80.33,48,0,5.28
149,Sao Filipe,CV,2020-08-04 06:14:33,14.9,-24.5,76.33,83,12,11.68
150,Vila Velha,BR,2020-08-04 06:14:34,-20.33,-40.29,59.0,100,28,3.36
151,Hasaki,JP,2020-08-04 06:13:59,35.73,140.83,97.0,70,20,11.41
152,Umm Kaddadah,SD,2020-08-04 06:14:35,13.6,26.69,79.47,61,28,14.14
153,Tambilil,PH,2020-08-04 06:14:36,5.96,124.67,82.36,78,100,5.14
154,Jamestown,US,2020-08-04 06:14:36,42.1,-79.24,68.0,93,90,3.36
155,Daraitan,PH,2020-08-04 06:14:37,14.6,121.43,93.99,55,100,9.17
156,Gualaquiza,EC,2020-08-04 06:14:37,-3.4,-78.55,55.62,88,19,1.92
157,Batemans Bay,AU,2020-08-04 06:14:37,-35.72,150.18,54.0,48,2,3.0
158,Vardo,NO,2020-08-04 06:14:38,70.37,31.11,51.8,93,75,9.17
159,Abonnema,NG,2020-08-04 06:14:38,4.71,6.79,73.9,90,95,5.21
160,Esperance,AU,2020-08-04 06:09:46,-33.87,121.9,48.2,100,90,6.93
161,Aripuana,BR,2020-08-04 06:14:39,-9.17,-60.63,72.77,53,0,2.37
162,Bathsheba,BB,2020-08-04 06:14:40,13.22,-59.52,82.4,83,75,12.75
163,Fortuna,US,2020-08-04 06:14:40,40.6,-124.16,62.01,1,76,3.0
164,Turkistan,KZ,2020-08-04 06:14:41,43.0,68.0,98.11,14,0,10.25
165,Ekibastuz,KZ,2020-08-04 06:14:41,51.67,75.37,80.02,41,57,18.57
166,Sidi Ali,DZ,2020-08-04 06:14:42,36.1,0.42,72.5,93,64,0.98
167,Thompson,CA,2020-08-04 06:14:42,55.74,-97.86,64.4,63,5,4.7
168,Balikpapan,ID,2020-08-04 06:12:26,-1.27,116.83,82.4,94,20,6.93
169,Gimli,CA,2020-08-04 06:14:43,50.63,-96.99,61.0,99,0,2.15
170,Ancud,CL,2020-08-04 06:14:44,-41.87,-73.82,39.0,100,23,4.7
171,Pierre,US,2020-08-04 06:14:44,44.37,-100.35,64.99,72,1,10.29
172,Namatanai,PG,2020-08-04 06:14:45,-3.67,152.43,82.27,79,56,11.97
173,Saint George,US,2020-08-04 06:14:45,37.1,-113.58,87.8,11,1,2.33
174,Ornskoldsvik,SE,2020-08-04 06:14:46,63.29,18.72,59.0,93,66,9.17
175,Poykovskiy,RU,2020-08-04 06:14:46,61.23,73.33,86.0,37,18,6.71
176,Te Anau,NZ,2020-08-04 06:13:07,-45.42,167.72,45.61,84,53,3.83
177,Lorengau,PG,2020-08-04 06:14:48,-2.02,147.27,84.07,80,54,11.83
178,Raglan,NZ,2020-08-04 06:14:48,-37.8,174.88,55.0,83,0,3.0
179,Iqaluit,CA,2020-08-04 06:14:49,63.75,-68.51,59.0,77,75,3.36
180,Bethel,US,2020-08-04 06:14:49,41.37,-73.41,70.0,94,1,2.98
181,Baraya,CO,2020-08-04 06:14:50,3.15,-75.05,71.02,59,35,5.26
182,Gibraltar,GI,2020-08-04 06:14:50,36.14,-5.35,73.4,78,75,4.7
183,Avarua,CK,2020-08-04 06:14:51,-21.21,-159.78,66.2,88,88,1.12
184,Mount Gambier,AU,2020-08-04 06:11:35,-37.83,140.77,51.8,57,40,19.46
185,Oranjestad,AW,2020-08-04 06:14:52,12.52,-70.03,84.49,78,47,26.33
186,North Bend,US,2020-08-04 06:14:52,43.41,-124.22,60.8,93,90,6.93
187,Souillac,MU,2020-08-04 06:14:53,-20.52,57.52,69.8,73,75,19.46
188,Nava,MX,2020-08-04 06:14:53,28.42,-100.77,81.0,58,0,1.99
189,San Angelo,US,2020-08-04 06:14:54,31.46,-100.44,73.99,68,1,4.7
190,Balad,IQ,2020-08-04 06:14:54,34.02,44.15,102.09,11,0,13.09
191,Joniskelis,LT,2020-08-04 06:14:55,56.03,24.17,60.8,93,100,4.7
192,Eskisehir,TR,2020-08-04 06:14:55,39.78,30.52,68.0,60,0,3.36
193,Svetlaya,RU,2020-08-04 06:14:56,46.54,138.33,64.76,81,62,13.22
194,Sakakah,SA,2020-08-04 06:14:56,29.97,40.21,84.2,37,0,18.34
195,Ustye,RU,2020-08-04 06:14:56,59.63,39.74,64.29,81,25,5.41
196,Robertsport,LR,2020-08-04 06:14:57,6.75,-11.37,75.97,74,89,9.13
197,San Vicente,AR,2020-08-04 06:14:57,-26.62,-54.13,55.44,83,0,3.06
198,Hobyo,SO,2020-08-04 06:14:58,5.35,48.53,81.68,63,99,20.42
199,Port Lincoln,AU,2020-08-04 06:15:00,-34.73,135.87,52.3,56,0,14.99
200,Petropavlovsk-Kamchatskiy,RU,2020-08-04 06:15:01,53.05,158.65,71.6,43,81,11.18
201,Okha,RU,2020-08-04 06:15:01,53.57,142.95,57.72,74,85,11.39
202,Mastic Beach,US,2020-08-04 06:15:03,40.77,-72.85,75.99,69,20,3.36
203,Bermejo,AR,2020-08-04 06:15:04,-32.88,-68.8,48.2,61,52,2.24
204,Naze,JP,2020-08-04 06:13:41,28.37,129.48,91.4,79,75,11.41
205,Pangnirtung,CA,2020-08-04 06:15:05,66.15,-65.71,48.65,80,29,3.98
206,Salalah,OM,2020-08-04 06:15:05,17.02,54.09,84.2,79,75,3.36
207,Birjand,IR,2020-08-04 06:15:05,32.87,59.22,84.2,9,0,20.8
208,Saint-Louis,SN,2020-08-04 06:15:06,16.33,-15.0,81.01,71,18,14.72
209,Larsnes,NO,2020-08-04 06:15:08,62.2,5.58,54.0,87,75,12.75
210,Sayyan,YE,2020-08-04 06:15:08,15.17,44.32,62.42,70,99,1.74
211,Monze,ZM,2020-08-04 06:15:09,-16.28,27.48,57.78,77,0,5.75
212,Murmansk,RU,2020-08-04 06:14:11,68.0,34.0,56.64,75,79,2.86
213,Tikaitnagar,IN,2020-08-04 06:15:10,26.95,81.58,97.14,50,0,3.49
214,Ungaran,ID,2020-08-04 06:14:31,-7.14,110.41,89.6,49,20,8.05
215,Ponta Delgada,PT,2020-08-04 06:15:10,37.73,-25.67,69.8,88,40,2.24
216,Teguldet,RU,2020-08-04 06:15:11,57.31,88.17,79.11,39,0,9.86
217,High Level,CA,2020-08-04 06:15:12,58.52,-117.14,62.6,67,90,3.36
218,Lampang,TH,2020-08-04 06:14:32,18.33,99.5,86.0,66,75,8.05
219,Mackay,AU,2020-08-04 06:15:13,-21.15,149.2,70.0,83,90,11.41
220,Kruisfontein,ZA,2020-08-04 06:15:13,-34.0,24.73,57.0,79,15,19.75
221,Khasan,RU,2020-08-04 06:15:13,42.43,130.64,75.2,82,88,6.53
222,Iroquois Falls,CA,2020-08-04 06:15:14,48.77,-80.68,48.2,93,40,5.82
223,Tambovka,RU,2020-08-04 06:15:14,50.1,128.05,66.2,93,75,8.95
224,Tuatapere,NZ,2020-08-04 06:15:15,-46.13,167.68,48.16,86,63,5.53
225,Narsaq,GL,2020-08-04 06:15:15,60.92,-46.05,42.8,93,100,4.7
226,Lompoc,US,2020-08-04 06:15:16,34.64,-120.46,59.0,87,90,9.17
227,Okhotsk,RU,2020-08-04 06:15:16,59.38,143.3,66.09,67,42,9.35
228,San Patricio,MX,2020-08-04 06:15:16,19.22,-104.7,79.59,83,94,5.46
229,Luderitz,NA,2020-08-04 06:15:17,-26.65,15.16,59.0,72,0,18.34
230,Rurrenabaque,BO,2020-08-04 06:15:17,-14.44,-67.53,67.86,71,0,2.42
231,Norman Wells,CA,2020-08-04 06:15:19,65.28,-126.83,62.6,88,75,3.36
232,Faya,SA,2020-08-04 06:15:20,18.39,42.45,71.6,83,20,6.93
233,Severo-Kurilsk,RU,2020-08-04 06:15:20,50.68,156.12,55.51,83,100,2.98
234,Paamiut,GL,2020-08-04 06:15:20,61.99,-49.67,44.01,87,52,9.69
235,Katsuura,JP,2020-08-04 06:14:05,35.13,140.3,91.99,66,20,13.87
236,Mehamn,NO,2020-08-04 06:15:07,71.04,27.85,53.6,76,75,6.93
237,Saint-Jean-De-Maurienne,FR,2020-08-04 06:15:22,45.17,6.58,45.0,96,97,9.48
238,Naryan-Mar,RU,2020-08-04 06:15:22,67.67,53.09,57.25,70,98,18.84
239,Knysna,ZA,2020-08-04 06:15:23,-34.04,23.05,53.6,87,75,16.11
240,Cayenne,GF,2020-08-04 06:15:23,4.93,-52.33,75.2,100,90,2.24
241,Araria,IN,2020-08-04 06:15:23,26.15,87.52,99.19,43,26,3.98
242,Nanortalik,GL,2020-08-04 06:15:10,60.14,-45.24,43.63,94,100,1.7
243,Rincon,US,2020-08-04 06:15:24,32.3,-81.24,73.4,100,1,5.82
244,Kalmunai,LK,2020-08-04 06:15:25,7.42,81.82,91.0,46,99,8.55
245,Sitka,US,2020-08-04 06:15:25,57.05,-135.33,57.2,82,90,5.82
246,Acapulco,MX,2020-08-04 06:12:27,16.86,-99.89,81.21,82,98,5.7
247,Chicama,PE,2020-08-04 06:15:27,-7.84,-79.15,58.33,87,35,2.91
248,Hamilton,US,2020-08-04 06:15:29,39.18,-84.53,64.99,93,1,1.43
249,Cherepanovo,RU,2020-08-04 06:15:30,54.22,83.38,74.5,59,0,17.36
250,Abilene,US,2020-08-04 06:15:30,32.45,-99.73,73.0,78,1,6.93
251,Sola,VU,2020-08-04 06:15:30,-13.88,167.55,75.87,85,9,19.53
252,Nishihara,JP,2020-08-04 06:15:31,26.18,127.76,89.6,70,75,14.99
253,Ouadda,CF,2020-08-04 06:15:31,8.08,22.4,69.89,92,53,3.09
254,Muros,ES,2020-08-04 06:15:32,42.78,-9.06,66.0,83,23,1.01
255,Ploemeur,FR,2020-08-04 06:15:32,47.73,-3.43,51.01,93,9,3.36
256,Ghanzi,BW,2020-08-04 06:15:33,-21.57,21.78,49.71,48,0,6.24
257,Civita Castellana,IT,2020-08-04 06:15:33,42.3,12.41,75.0,60,0,8.99
258,Alofi,NU,2020-08-04 06:15:34,-19.06,-169.92,77.0,94,39,4.7
259,Flinders,AU,2020-08-04 06:15:34,-34.58,150.86,64.99,48,71,8.01
260,Roma,US,2020-08-04 06:14:34,43.21,-75.46,71.6,73,75,6.93
261,Bubaque,GW,2020-08-04 06:15:35,11.28,-15.83,79.16,84,74,19.33
262,Port Blair,IN,2020-08-04 06:15:02,11.67,92.75,84.16,78,99,27.49
263,Tabas,IR,2020-08-04 06:15:37,33.6,56.92,98.6,12,0,1.12
264,Awjilah,LY,2020-08-04 06:15:37,29.11,21.29,81.99,47,0,7.99
265,Pangody,RU,2020-08-04 06:15:38,65.85,74.49,70.05,48,99,14.29
266,Sarh,TD,2020-08-04 06:15:38,9.14,18.39,73.4,88,100,3.58
267,San Jeronimo,PE,2020-08-04 06:15:39,-11.95,-75.28,40.78,69,0,0.13
268,Marfino,RU,2020-08-04 06:15:39,55.7,37.38,66.2,63,1,4.47
269,Timbiqui,CO,2020-08-04 06:15:40,2.77,-77.67,75.22,93,95,4.29
270,Bilibino,RU,2020-08-04 06:15:40,68.05,166.44,53.76,60,100,10.2
271,Bereda,ES,2020-08-04 06:15:41,43.27,-7.54,59.0,100,54,1.01
272,Henties Bay,NA,2020-08-04 06:15:42,-22.12,14.28,54.0,92,0,7.14
273,Kalat,PK,2020-08-04 06:15:42,29.02,66.59,82.9,12,2,4.09
274,Kavaratti,IN,2020-08-04 06:15:43,10.57,72.64,84.2,79,40,13.87
275,Sungaipenuh,ID,2020-08-04 06:15:43,-2.08,101.38,73.13,89,99,4.21
276,Tura,IN,2020-08-04 06:15:05,25.52,90.22,94.73,56,93,1.57
277,Biak,ID,2020-08-04 06:15:44,-0.91,122.88,80.01,78,98,9.26
278,Susanville,US,2020-08-04 06:15:44,40.42,-120.65,73.4,23,1,8.05
279,Ishigaki,JP,2020-08-04 06:15:31,24.34,124.16,87.8,89,75,13.87
280,Sosnovo-Ozerskoye,RU,2020-08-04 06:15:23,52.52,111.54,66.69,69,93,5.53
281,Sambava,MG,2020-08-04 06:15:46,-14.27,50.17,73.26,70,54,18.52
282,Koslan,RU,2020-08-04 06:15:19,63.46,48.9,58.73,73,41,8.14
283,Lyubinskiy,RU,2020-08-04 06:15:47,55.15,72.69,84.2,32,75,15.66
284,Mikhaylovka,RU,2020-08-04 06:15:47,50.06,43.24,72.0,53,0,8.01
285,Plettenberg Bay,ZA,2020-08-04 06:15:47,-34.05,23.37,56.8,81,52,15.17
286,Rawson,AR,2020-08-04 06:15:48,-43.3,-65.1,50.2,55,32,16.49
287,Kodoli,IN,2020-08-04 06:15:48,16.88,74.2,73.58,90,100,22.57
288,Airai,TL,2020-08-04 06:15:49,-8.93,125.41,73.42,51,51,3.31
289,Denpasar,ID,2020-08-04 06:11:26,-8.65,115.22,82.4,78,20,14.99
290,Manakara,MG,2020-08-04 06:15:50,-22.13,48.02,69.06,68,19,0.81
291,Keti Bandar,PK,2020-08-04 06:15:50,24.14,67.45,88.07,72,91,20.29
292,Concordia,AR,2020-08-04 06:15:50,-31.39,-58.02,61.0,77,3,3.0
293,Chapais,CA,2020-08-04 06:15:51,49.78,-74.85,57.2,82,90,4.7
294,Vangaindrano,MG,2020-08-04 06:15:51,-23.35,47.6,67.89,75,92,2.82
295,Adre,TD,2020-08-04 06:15:52,13.47,22.2,71.94,83,79,9.48
296,Itaituba,BR,2020-08-04 06:15:52,-4.28,-55.98,74.3,75,63,1.74
297,Vanimo,PG,2020-08-04 06:15:53,-2.67,141.3,83.59,80,81,6.55
298,Tasiilaq,GL,2020-08-04 06:15:53,65.61,-37.64,41.0,100,66,2.35
299,Mangrol,IN,2020-08-04 06:15:32,21.12,70.12,86.23,76,100,17.87
300,Nuuk,GL,2020-08-04 06:15:54,64.18,-51.72,42.8,93,97,1.12
301,Menomonie,US,2020-08-04 06:15:55,44.88,-91.92,50.0,93,1,3.36
302,Tuktoyaktuk,CA,2020-08-04 06:15:56,69.45,-133.04,53.6,87,20,10.29
303,Reconquista,AR,2020-08-04 06:15:56,-29.15,-59.65,65.8,69,0,9.66
304,Alyangula,AU,2020-08-04 06:15:58,-13.85,136.42,77.0,78,90,8.05
305,Ozark,US,2020-08-04 06:15:58,37.02,-93.21,64.0,90,3,5.79
306,Bilma,NE,2020-08-04 06:15:59,18.69,12.92,89.38,44,64,18.79
307,Ruidoso,US,2020-08-04 06:15:59,33.33,-105.67,68.0,87,90,17.22
308,Sinjar,IQ,2020-08-04 06:16:00,36.32,41.88,96.21,13,0,1.86
309,Bardiyah,LY,2020-08-04 06:16:00,31.76,25.09,79.52,62,0,5.99
310,Zhicheng,CN,2020-08-04 06:16:01,30.3,111.5,95.04,58,1,10.27
311,Maltahohe,NA,2020-08-04 06:16:02,-24.83,16.98,49.33,43,0,4.94
312,Medicine Hat,CA,2020-08-04 06:16:02,50.05,-110.67,64.4,68,20,8.05
313,La Rochelle,FR,2020-08-04 06:16:03,46.17,-1.15,55.99,76,10,4.7
314,Garowe,SO,2020-08-04 06:16:03,8.41,48.48,84.4,43,22,31.0
315,Staryy Nadym,RU,2020-08-04 06:16:04,65.61,72.68,68.99,51,90,14.7
316,Chodavaram,IN,2020-08-04 06:16:04,17.83,82.95,84.2,83,90,12.75
317,Verkhoyansk,RU,2020-08-04 06:16:04,67.54,133.38,66.22,37,0,7.74
318,Buraydah,SA,2020-08-04 06:16:05,26.33,43.98,91.4,27,63,10.29
319,Wanning,CN,2020-08-04 06:16:05,18.8,110.4,87.53,73,85,14.65
320,Ostrovnoy,RU,2020-08-04 06:16:06,68.05,39.51,57.07,75,64,7.18
321,Ust-Kuyga,RU,2020-08-04 06:16:06,70.02,135.6,59.65,53,82,5.7
322,Eucaliptus,BO,2020-08-04 06:16:07,-17.58,-67.52,40.91,68,0,5.48
323,Kailua,US,2020-08-04 06:16:07,21.4,-157.74,80.6,65,1,11.41
324,Kingsport,US,2020-08-04 06:16:08,36.55,-82.56,66.99,93,90,3.36
325,Tambun,ID,2020-08-04 06:16:08,-6.26,107.07,93.99,52,40,9.17
326,Christchurch,NZ,2020-08-04 06:12:49,-43.53,172.63,55.99,87,96,1.12
327,Talcahuano,CL,2020-08-04 06:16:09,-36.72,-73.12,51.8,100,86,3.31
328,Kirakira,SB,2020-08-04 06:16:10,-10.45,161.92,82.4,78,71,10.31
329,Pindiga,NG,2020-08-04 06:16:10,9.98,10.93,67.5,96,99,4.36
330,Lima,PE,2020-08-04 06:15:34,-12.04,-77.03,59.0,82,90,3.36
331,Auki,SB,2020-08-04 06:16:11,-8.77,160.7,85.19,68,12,4.36
332,Young,UY,2020-08-04 06:16:11,-32.68,-57.63,60.01,78,14,8.7
333,Panzhihua,CN,2020-08-04 06:11:31,26.59,101.71,87.01,48,13,1.9
334,Saint-Pierre,RE,2020-08-04 06:16:13,-21.34,55.48,71.01,64,20,27.51
335,Ilulissat,GL,2020-08-04 06:16:14,69.22,-51.1,37.4,86,92,3.36
336,Tual,ID,2020-08-04 06:16:14,-5.67,132.75,78.64,83,60,16.04
337,Bilopillya,UA,2020-08-04 06:12:22,51.15,34.31,66.54,65,0,7.78
338,Dunedin,NZ,2020-08-04 06:16:15,-45.87,170.5,53.01,67,92,1.99
339,Santa Rosa,PH,2020-08-04 06:16:15,14.31,121.11,93.99,55,100,9.17
340,Geraldton,AU,2020-08-04 06:16:07,-28.77,114.6,62.6,72,90,11.41
341,Caravelas,BR,2020-08-04 06:16:16,-17.71,-39.25,69.84,71,10,8.14
342,Albert,FR,2020-08-04 06:16:17,50.0,2.65,55.0,100,22,4.7
343,Mitu,CO,2020-08-04 06:16:17,1.2,-70.17,71.71,94,72,1.28
344,Karoi,ZW,2020-08-04 06:15:07,-16.81,29.69,56.3,75,38,6.17
345,Dickinson,US,2020-08-04 06:16:18,29.46,-95.05,82.0,78,1,8.77
346,Vaitape,PF,2020-08-04 06:16:19,-16.52,-151.75,79.14,73,3,8.81
347,Tomatlan,MX,2020-08-04 06:16:19,19.93,-105.25,77.05,93,98,2.21
348,Vila Franca Do Campo,PT,2020-08-04 06:16:20,37.72,-25.43,69.8,88,40,2.24
349,Dakar,SN,2020-08-04 06:16:20,14.69,-17.44,78.8,83,20,6.93
350,Tire,TR,2020-08-04 06:16:21,38.09,27.74,78.8,54,0,6.93
351,Touros,BR,2020-08-04 06:16:21,-5.2,-35.46,69.8,94,20,3.36
352,Mikuni,JP,2020-08-04 06:15:46,36.22,136.15,84.2,74,75,8.05
353,Weihe,CN,2020-08-04 06:16:22,33.0,105.32,82.99,79,87,6.69
354,Mantua,IT,2020-08-04 06:16:22,45.17,10.78,66.0,90,89,4.0
355,Los Llanos De Aridane,ES,2020-08-04 06:16:23,28.66,-17.92,71.6,73,20,12.75
356,Pucallpa,PE,2020-08-04 06:16:23,-8.38,-74.55,69.46,72,1,2.39
357,Jhelum,PK,2020-08-04 06:15:28,32.93,73.73,99.07,41,0,6.85
358,Meulaboh,ID,2020-08-04 06:16:24,4.14,96.13,86.02,62,98,5.44
359,Salinopolis,BR,2020-08-04 06:16:25,-0.61,-47.36,78.93,84,21,9.22
360,Lagoa,PT,2020-08-04 06:16:25,39.05,-27.98,72.93,86,1,18.72
361,Vrangel,RU,2020-08-04 06:16:25,42.73,133.08,71.06,87,97,6.69
362,Sassandra,CI,2020-08-04 06:16:26,4.95,-6.08,70.07,86,56,5.26
363,Beyneu,KZ,2020-08-04 06:15:25,45.32,55.2,74.53,43,3,18.52
364,Bambanglipuro,ID,2020-08-04 06:16:27,-7.95,110.28,80.87,71,74,13.65
365,Peniche,PT,2020-08-04 06:16:27,39.36,-9.38,64.99,89,83,13.0
366,Masterton,NZ,2020-08-04 06:15:08,-40.96,175.66,55.99,87,5,3.91
367,Sijunjung,ID,2020-08-04 06:16:28,-0.69,100.95,82.51,78,100,3.56
368,Torbay,CA,2020-08-04 06:16:29,47.67,-52.73,64.99,77,75,23.04
369,Qingdao,CN,2020-08-04 06:12:19,36.1,120.37,87.01,88,75,11.18
370,Chuy,UY,2020-08-04 06:16:30,-33.7,-53.46,57.06,94,0,5.73
371,Matara,LK,2020-08-04 06:16:30,5.95,80.54,83.16,74,94,16.31
372,Nabire,ID,2020-08-04 06:16:31,-3.37,135.48,80.89,75,99,2.46
373,El Jicaro,GT,2020-08-04 06:16:31,14.92,-89.9,75.63,75,100,2.1
374,Makum,IN,2020-08-04 06:15:27,27.5,95.45,96.8,63,75,5.82
375,Laredo,US,2020-08-04 06:16:32,27.51,-99.51,84.2,66,1,14.99
376,Cacahoatan,MX,2020-08-04 06:16:33,14.98,-92.17,75.02,84,100,3.85
377,Corlatel,RO,2020-08-04 06:16:33,44.4,22.93,71.33,52,0,10.98
378,Kamina,CD,2020-08-04 06:16:34,-8.74,24.99,70.36,31,4,2.53
379,Zyryanka,RU,2020-08-04 06:15:20,65.75,150.85,61.43,42,51,10.89
380,Erenhot,CN,2020-08-04 06:16:35,43.65,111.98,80.76,33,0,6.4
381,Dzidzantun,MX,2020-08-04 06:16:35,21.25,-89.05,74.62,93,52,2.82
382,Akyab,MM,2020-08-04 06:15:31,20.15,92.9,86.32,77,100,13.94
383,Usinsk,RU,2020-08-04 06:16:36,65.99,57.53,61.7,61,7,17.9
384,Waipawa,NZ,2020-08-04 06:16:36,-41.41,175.52,55.4,82,12,17.22
385,Valleyview,CA,2020-08-04 06:16:37,55.07,-117.29,60.6,51,45,11.07
386,Gerede,TR,2020-08-04 06:16:37,40.8,32.2,70.9,34,0,0.74
387,Huarmey,PE,2020-08-04 06:16:38,-10.07,-78.15,57.99,85,7,4.85
388,Ayan,RU,2020-08-04 06:15:23,56.45,138.17,57.67,74,0,14.85
389,Rosario,AR,2020-08-04 06:16:39,-32.95,-60.64,63.0,63,49,8.05
390,Ponta Do Sol,PT,2020-08-04 06:16:39,32.67,-17.1,69.01,77,43,3.38
391,Riyadh,SA,2020-08-04 06:11:43,24.69,46.72,102.2,10,0,12.75
392,Haines Junction,CA,2020-08-04 06:16:40,60.75,-137.51,47.48,76,6,4.76
393,Kavieng,PG,2020-08-04 06:16:41,-2.57,150.8,84.43,75,96,15.32
394,Ouidah,BJ,2020-08-04 06:16:41,6.36,2.09,75.2,83,40,13.87
395,Adrar,MR,2020-08-04 06:16:42,20.5,-10.07,88.77,45,43,22.97
396,Marawi,PH,2020-08-04 06:16:43,8.0,124.29,84.99,78,100,7.0
397,Grindavik,IS,2020-08-04 06:16:43,63.84,-22.43,44.6,100,90,3.36
398,Maniitsoq,GL,2020-08-04 06:15:10,65.42,-52.9,44.82,82,96,7.09
399,Toamasina,MG,2020-08-04 06:16:44,-18.17,49.38,66.2,100,75,16.11
400,Aloleng,PH,2020-08-04 06:16:45,16.13,119.78,86.38,71,100,7.27
401,Bremervorde,DE,2020-08-04 06:16:45,53.48,9.13,57.99,92,30,2.21
402,Hovd,MN,2020-08-04 06:16:46,48.01,91.64,68.41,39,80,7.58
403,Port Hardy,CA,2020-08-04 06:16:46,50.7,-127.42,59.0,82,40,3.36
404,Mitsamiouli,KM,2020-08-04 06:16:47,-11.38,43.28,82.4,58,20,18.34
405,Maningrida,AU,2020-08-04 06:16:47,-12.07,134.27,82.27,54,41,13.49
406,Alta Floresta,BR,2020-08-04 06:16:47,-9.88,-56.09,68.0,82,62,1.12
407,Buala,SB,2020-08-04 06:16:48,-8.14,159.59,84.81,69,6,7.58
408,Champerico,GT,2020-08-04 06:16:48,14.3,-91.92,79.86,83,100,10.0
409,Vostok,RU,2020-08-04 06:16:49,46.49,135.88,75.96,84,73,2.44
410,Collie,AU,2020-08-04 06:16:51,-33.37,116.15,57.99,98,87,7.99
411,Laiyang,CN,2020-08-04 06:16:51,36.98,120.71,88.0,73,79,11.39
412,Bafq,IR,2020-08-04 06:16:52,31.61,55.41,95.74,11,0,9.33
413,Okakarara,NA,2020-08-04 06:16:52,-20.58,17.43,47.44,49,0,4.79
414,Talnakh,RU,2020-08-04 06:16:53,69.49,88.4,64.4,88,100,20.13
415,Baldone,LV,2020-08-04 06:16:53,56.74,24.39,62.6,88,100,5.82
416,Kalawit,PH,2020-08-04 06:16:54,8.07,122.52,84.56,75,92,3.09
417,Praxedis Guerrero,MX,2020-08-04 06:16:54,31.37,-106.02,89.01,28,40,6.93
418,Krasnoselkup,RU,2020-08-04 06:15:19,65.7,82.47,79.27,57,100,15.48
419,Half Moon Bay,US,2020-08-04 06:16:55,37.46,-122.43,63.0,100,90,10.29
420,Port Pirie,AU,2020-08-04 06:16:55,-33.18,138.02,57.2,58,0,14.99
421,San Jose,US,2020-08-04 06:13:28,37.34,-121.89,66.0,72,20,5.82
422,Kansanshi,ZM,2020-08-04 06:16:56,-12.1,26.43,54.59,65,0,6.93
423,Changping,CN,2020-08-04 06:12:14,40.22,116.22,107.01,39,85,2.24
424,Chibuto,MZ,2020-08-04 06:16:58,-24.69,33.53,61.02,79,0,7.34
425,Morgan City,US,2020-08-04 06:16:58,29.7,-91.21,84.2,100,1,4.47
426,Rajanpur,PK,2020-08-04 06:16:59,29.1,70.33,106.2,28,0,13.56
427,Longyearbyen,SJ,2020-08-04 06:15:12,78.22,15.64,44.6,100,90,3.36
428,Mafinga,TZ,2020-08-04 06:17:00,-7.25,35.07,68.49,56,0,4.23
429,Jutai,BR,2020-08-04 06:17:01,-5.18,-68.9,71.96,66,2,1.19
430,Tevaitoa,PF,2020-08-04 06:17:01,-16.78,-151.5,78.96,72,0,8.61
431,Rapid City,US,2020-08-04 06:17:02,44.08,-103.23,70.0,64,40,17.22
432,Charters Towers,AU,2020-08-04 06:17:02,-20.1,146.27,75.2,40,29,4.56
433,Bowen,AU,2020-08-04 06:17:03,-20.02,148.23,77.0,57,75,9.17
434,Arman,RU,2020-08-04 06:17:04,59.7,150.17,65.82,52,53,4.61
435,Asau,RO,2020-08-04 06:17:04,46.43,26.4,70.0,68,3,12.75
436,Nelson Bay,AU,2020-08-04 06:17:05,-32.72,152.15,71.6,28,0,13.87
437,Pisco,PE,2020-08-04 06:17:05,-13.7,-76.22,61.0,82,90,3.36
438,Gold Coast,AU,2020-08-04 06:17:06,-28.0,153.43,72.0,43,0,14.99
439,Soyo,AO,2020-08-04 06:17:06,-6.13,12.37,72.63,83,89,4.34
440,Richards Bay,ZA,2020-08-04 06:17:06,-28.78,32.04,63.77,42,0,8.5
441,Miri,MY,2020-08-04 06:17:07,4.41,114.01,91.4,55,40,3.36
442,Leningradskiy,RU,2020-08-04 06:17:07,69.38,178.42,41.47,86,100,4.61
443,Enshi,CN,2020-08-04 06:15:36,30.3,109.48,97.72,45,38,1.59
444,Mahajanga,MG,2020-08-04 06:17:08,-15.72,46.32,78.8,44,20,14.99
445,Luwuk,ID,2020-08-04 06:17:09,-0.95,122.79,81.81,74,99,7.76
446,Batagay-Alyta,RU,2020-08-04 06:17:09,67.8,130.41,59.83,55,89,1.92
447,Viedma,AR,2020-08-04 06:17:09,-40.81,-63.0,53.17,70,46,10.47
448,Belaya Gora,RU,2020-08-04 06:12:19,68.53,146.42,61.84,42,73,6.35
449,Shumskiy,RU,2020-08-04 06:17:11,54.83,99.13,75.7,43,62,3.24
450,La Baule-Escoublac,FR,2020-08-04 06:17:12,47.29,-2.36,51.8,93,75,3.36
451,Tigil,RU,2020-08-04 06:17:12,57.8,158.67,62.8,59,29,14.94
452,Bahia De Caraquez,EC,2020-08-04 06:17:12,-0.6,-80.42,71.6,88,88,10.29
453,Iringa,TZ,2020-08-04 06:17:13,-7.77,35.7,59.0,77,20,7.72
454,Nyurba,RU,2020-08-04 06:17:13,63.28,118.33,77.58,39,10,6.42
455,Banda Aceh,ID,2020-08-04 06:17:14,5.56,95.32,88.11,58,93,11.1
456,Kenai,US,2020-08-04 06:17:14,60.55,-151.26,60.8,82,75,4.7
457,Kununurra,AU,2020-08-04 06:17:15,-15.77,128.73,91.4,19,21,4.7
458,Sechura,PE,2020-08-04 06:17:15,-5.56,-80.82,60.8,83,5,10.54
459,Honiara,SB,2020-08-04 06:14:04,-9.43,159.95,89.6,62,20,12.75
460,Bintulu,MY,2020-08-04 06:17:16,3.17,113.03,89.6,70,40,3.36
461,Qinhuangdao,CN,2020-08-04 06:17:16,39.93,119.59,90.99,44,74,14.16
462,Bahia Blanca,AR,2020-08-04 06:17:17,-38.72,-62.27,58.87,90,87,3.27
463,Pimentel,PE,2020-08-04 06:17:17,-6.84,-79.93,58.89,91,9,9.89
464,Surt,LY,2020-08-04 06:17:18,31.21,16.59,81.07,49,0,8.05
465,Honavar,IN,2020-08-04 06:15:29,14.28,74.45,80.71,82,100,17.63
466,Kloulklubed,PW,2020-08-04 06:17:19,7.04,134.26,80.6,83,90,4.7
467,Vienenburg,DE,2020-08-04 06:17:19,51.95,10.57,57.99,93,63,1.01
468,Episkopi,GR,2020-08-04 06:17:20,40.69,22.14,77.0,64,0,3.56
469,Brattvag,NO,2020-08-04 06:17:20,62.6,6.44,55.4,82,75,10.29
470,Baculin,PH,2020-08-04 06:17:21,7.45,126.58,83.43,76,99,3.09
471,Darnah,LY,2020-08-04 06:17:21,32.77,22.64,80.42,65,0,11.61
472,Shimoda,JP,2020-08-04 06:14:21,34.67,138.95,86.0,70,20,12.75
473,Eirunepe,BR,2020-08-04 06:17:22,-6.66,-69.87,71.29,68,9,1.19
474,Karakulino,RU,2020-08-04 06:17:23,56.01,53.71,59.18,86,100,16.87
475,Yumen,CN,2020-08-04 06:17:23,40.28,97.2,88.41,23,0,28.79
476,Renqiu,CN,2020-08-04 06:17:24,38.7,116.09,101.52,28,83,6.4
477,Marshalltown,US,2020-08-04 06:17:24,42.05,-92.91,53.01,93,1,3.36
478,Conceicao Da Barra,BR,2020-08-04 06:17:25,-18.59,-39.73,62.74,88,8,4.81
479,Sawakin,SD,2020-08-04 06:17:26,19.11,37.33,89.92,55,100,14.16
480,Princeton,US,2020-08-04 06:17:27,25.54,-80.41,82.99,88,1,3.36
481,Tres Picos,MX,2020-08-04 06:17:27,15.87,-93.53,79.45,82,100,4.81
482,Nacogdoches,US,2020-08-04 06:17:28,31.6,-94.63,78.01,88,1,3.91
483,Raul Soares,BR,2020-08-04 06:17:28,-20.1,-42.45,56.39,83,1,1.61
484,Farafangana,MG,2020-08-04 06:17:29,-22.82,47.83,68.63,73,64,4.14
485,Limbang,MY,2020-08-04 06:17:29,4.75,115.0,91.4,59,75,5.82
486,Teseney,ER,2020-08-04 06:17:30,15.11,36.66,69.53,93,100,2.91
487,Puro,PH,2020-08-04 06:17:30,12.48,123.38,87.19,70,99,7.11
488,Katobu,ID,2020-08-04 06:17:31,-4.94,122.53,83.64,64,78,1.97
489,Taltal,CL,2020-08-04 06:17:31,-25.4,-70.48,54.23,79,33,0.83
490,Sauce,UY,2020-08-04 06:17:32,-34.65,-56.06,63.0,88,0,9.17
491,Jiblah,YE,2020-08-04 06:17:32,13.92,44.15,63.41,81,98,4.65
492,Ilula,TZ,2020-08-04 06:17:33,-7.68,36.04,59.0,77,20,6.62
493,Zhoucheng,CN,2020-08-04 06:12:37,35.91,116.31,89.65,64,84,9.31
494,Ano Mera,GR,2020-08-04 06:17:34,37.45,25.4,78.8,54,0,16.11
495,Anadyr,RU,2020-08-04 06:15:20,64.75,177.48,59.0,62,20,8.95
496,Bethanien,NA,2020-08-04 06:17:35,-26.5,17.16,51.35,45,0,4.83
497,Kurchum,KZ,2020-08-04 06:17:35,48.57,83.65,84.15,30,2,5.5
498,Miedzychod,PL,2020-08-04 06:17:36,52.6,15.9,62.01,100,75,6.93
499,Broken Hill,AU,2020-08-04 06:17:36,-31.95,141.43,55.4,42,0,14.99
500,Beloha,MG,2020-08-04 06:17:37,-25.17,45.05,65.95,53,0,11.12
501,Moindou,NC,2020-08-04 06:17:38,-21.69,165.68,69.8,60,90,6.93
502,Mogadishu,SO,2020-08-04 06:17:19,2.04,45.34,78.12,80,99,20.38
503,Klaksvik,FO,2020-08-04 06:17:39,62.23,-6.59,48.2,100,86,6.93
504,Jackson,US,2020-08-04 06:17:39,42.42,-122.83,77.0,41,1,5.82
505,Jermuk,AM,2020-08-04 06:17:40,39.84,45.67,60.01,66,39,4.34
506,Lakeside,US,2020-08-04 06:17:40,30.13,-81.77,81.0,88,40,8.05
507,Puerto Carreno,CO,2020-08-04 06:17:41,6.19,-67.49,74.19,91,100,4.05
508,Grand Gaube,MU,2020-08-04 06:15:38,-20.01,57.66,71.01,59,50,10.0
509,Pawai,IN,2020-08-04 06:17:35,24.27,80.17,91.4,66,75,3.36
510,Kawalu,ID,2020-08-04 06:15:09,-7.38,108.21,81.23,65,92,5.57
511,Golden,US,2020-08-04 06:16:14,39.76,-105.22,70.0,50,83,10.87
512,Port-Gentil,GA,2020-08-04 06:17:44,-0.72,8.78,71.6,94,20,8.57
513,Saint Anthony,US,2020-08-04 06:17:44,45.02,-93.22,57.99,81,1,1.21
514,Ahipara,NZ,2020-08-04 06:17:45,-35.17,173.17,55.33,87,6,3.91
515,Rio Cuarto,AR,2020-08-04 06:17:45,-33.13,-64.35,64.4,68,83,10.29
516,Kayerkan,RU,2020-08-04 06:17:46,69.35,87.76,64.4,88,98,20.13
517,Berlevag,NO,2020-08-04 06:17:46,70.86,29.09,53.6,76,75,6.93
518,Mayumba,GA,2020-08-04 06:17:47,-3.43,10.66,70.0,87,21,5.26
519,Anzio,IT,2020-08-04 06:17:47,41.49,12.62,78.01,69,40,12.75
520,Orlovskiy,RU,2020-08-04 06:17:49,46.87,42.06,75.15,41,3,7.25
521,Strezhevoy,RU,2020-08-04 06:17:49,60.73,77.59,84.2,58,0,6.71
522,Shahrud,IR,2020-08-04 06:17:50,36.42,54.98,76.53,39,60,12.57
523,Can Tho,VN,2020-08-04 06:13:10,10.03,105.78,81.46,78,100,9.1
524,Mayo,US,2020-08-04 06:17:51,38.89,-76.51,73.4,94,90,2.91
525,Puerto Rico,AR,2020-08-04 06:17:51,-26.8,-55.02,56.91,83,0,2.55
526,Bulalacao,PH,2020-08-04 06:17:51,12.33,121.34,85.32,75,100,10.89
527,Tabuk,PH,2020-08-04 06:17:52,17.42,121.44,88.95,59,100,3.91
528,Havre-Saint-Pierre,CA,2020-08-04 06:17:52,50.23,-63.6,62.6,100,90,14.99
529,Bilovec,CZ,2020-08-04 06:17:54,49.76,18.02,60.01,100,90,6.93
530,Pascagoula,US,2020-08-04 06:17:06,30.37,-88.56,75.2,94,1,4.92
531,Bhanvad,IN,2020-08-04 06:17:55,21.93,69.77,91.4,70,75,11.41
532,Whitehorse,CA,2020-08-04 06:15:45,60.72,-135.05,60.8,41,75,17.22
533,Port Keats,AU,2020-08-04 06:17:56,-14.25,129.55,80.78,52,33,9.8
534,Hammerfest,NO,2020-08-04 06:15:07,70.66,23.68,57.2,76,28,4.7
535,Luena,AO,2020-08-04 06:17:56,-11.78,19.92,53.06,43,0,4.74
536,Peleduy,RU,2020-08-04 06:17:57,59.63,112.74,73.11,52,99,8.12
537,Yining,CN,2020-08-04 06:17:57,29.04,114.56,100.2,44,6,1.03
538,Dmitriyevka,RU,2020-08-04 06:17:58,54.75,55.33,68.0,88,90,13.42
539,Calatayud,ES,2020-08-04 06:17:58,41.35,-1.64,68.0,56,60,4.7
540,Takhtamygda,RU,2020-08-04 06:17:59,54.1,123.57,60.76,81,100,1.43
541,Watsa,CD,2020-08-04 06:17:59,3.04,29.54,66.85,93,100,0.2
542,Matamoros,MX,2020-08-04 06:17:37,25.53,-103.25,77.0,40,0,8.81
543,Omboue,GA,2020-08-04 06:18:02,-1.57,9.26,71.46,81,18,5.64
544,Almeirim,BR,2020-08-04 06:18:02,-1.52,-52.58,72.99,94,2,2.98
545,Brainerd,US,2020-08-04 06:18:03,46.36,-94.2,51.8,87,1,4.23
546,Balakhonovskoye,RU,2020-08-04 06:18:03,44.78,41.78,75.2,36,0,11.18
547,Camacha,PT,2020-08-04 06:18:04,33.08,-16.33,69.8,88,40,13.87
548,Sylvan Lake,CA,2020-08-04 06:18:04,52.32,-114.09,53.6,93,1,5.82
549,Labuhan,ID,2020-08-04 06:18:04,-6.88,112.21,87.12,54,64,10.13
550,Sunndalsora,NO,2020-08-04 06:18:07,62.68,8.55,53.6,76,75,14.99
551,Piacabucu,BR,2020-08-04 06:18:07,-10.41,-36.43,73.29,80,78,10.94
552,Atasu,KZ,2020-08-04 06:18:07,48.68,71.64,82.31,31,0,15.57
553,Trincomalee,LK,2020-08-04 06:15:29,8.57,81.23,88.23,59,100,20.0
554,Kontagora,NG,2020-08-04 06:18:08,10.4,5.47,69.44,97,99,5.26
555,Hokitika,NZ,2020-08-04 06:18:09,-42.72,170.97,52.39,91,100,6.35
556,Semirom,IR,2020-08-04 06:18:09,31.42,51.57,77.86,18,0,4.74
557,Bambous Virieux,MU,2020-08-04 06:18:10,-20.34,57.76,71.01,73,75,19.46
558,Koath,IN,2020-08-04 06:18:10,25.32,84.27,99.77,42,0,1.7
559,Esso,RU,2020-08-04 06:18:11,55.93,158.7,61.48,55,69,7.52
560,Hambantota,LK,2020-08-04 06:18:11,6.12,81.12,86.0,84,40,12.75
561,Tobol,KZ,2020-08-04 06:18:11,52.68,62.58,85.06,41,0,13.22
562,Makakilo City,US,2020-08-04 06:18:12,21.35,-158.09,78.8,65,20,3.36
563,Tiarei,PF,2020-08-04 06:18:12,-17.53,-149.33,78.8,69,75,4.7
564,Lavrentiya,RU,2020-08-04 06:18:13,65.58,-171.0,46.6,77,100,1.36
565,Kardla,EE,2020-08-04 06:18:13,59.0,22.75,60.8,100,100,4.7
566,Kerouane,GN,2020-08-04 06:18:14,9.27,-9.02,69.35,92,100,3.83
